model,fold,num_layers,hidden_dim,heads,lr,test_mse,test_mae,test_rmse,rounded_acc
GCN,0,2,16,,0.001,0.09230174124240875,0.25612199306488037,0.3038120162903514,0.417240709066391
GCN,0,2,16,,0.01,0.07914373278617859,0.22169475257396698,0.2813249594084723,0.6875814199447632
GCN,0,2,16,,0.1,0.07874808460474014,0.22238317131996155,0.28062089124785444,0.6862781643867493
GCN,0,2,16,,0.001,0.08787056803703308,0.2279834747314453,0.29642970167821087,0.5295103192329407
GCN,0,2,16,,0.01,0.07887135446071625,0.22182238101959229,0.2808404430645918,0.6868367195129395
GCN,0,2,16,,0.1,0.07923902571201324,0.22328504920005798,0.2814942729648567,0.6875814199447632
GCN,0,2,16,,0.001,0.08741959184408188,0.21691982448101044,0.29566804332575725,0.5805250406265259
GCN,0,2,16,,0.01,0.07884093374013901,0.22219495475292206,0.2807862776920179,0.687022864818573
GCN,0,2,16,,0.1,0.07898770272731781,0.2227572202682495,0.28104750973335063,0.6875814199447632
GCN,0,2,16,,0.001,0.0875571146607399,0.2198682576417923,0.2959005148031005,0.5894619226455688
GCN,0,2,16,,0.01,0.0788593590259552,0.22263354063034058,0.2808190859360439,0.6875814199447632
GCN,0,2,16,,0.1,0.0791880413889885,0.22364389896392822,0.2814036982503757,0.6875814199447632
GCN,0,2,32,,0.001,0.0837487131357193,0.22642184793949127,0.28939369919837454,0.5256004333496094
GCN,0,2,32,,0.01,0.07897636294364929,0.22298061847686768,0.2810273348691356,0.6875814199447632
GCN,0,2,32,,0.1,0.0790209099650383,0.2224646508693695,0.2811065811485713,0.6875814199447632
GCN,0,2,32,,0.001,0.07941339910030365,0.22151796519756317,0.2818038308829453,0.6875814199447632
GCN,0,2,32,,0.01,0.0788004994392395,0.22240351140499115,0.280714266540266,0.6872090697288513
GCN,0,2,32,,0.1,0.07910584658384323,0.2242790162563324,0.28125761604593613,0.6875814199447632
GCN,0,2,32,,0.001,0.0791456550359726,0.22318275272846222,0.2813283758101422,0.6875814199447632
GCN,0,2,32,,0.01,0.07891480624675751,0.22206442058086395,0.2809177926845459,0.6875814199447632
GCN,0,2,32,,0.1,0.07922942191362381,0.2233460247516632,0.2814772138444315,0.6875814199447632
GCN,0,2,32,,0.001,0.08482657372951508,0.22242425382137299,0.2912500192781368,0.5477564334869385
GCN,0,2,32,,0.01,0.07888317853212357,0.22225287556648254,0.28086149350191025,0.6875814199447632
GCN,0,2,32,,0.1,0.07914668321609497,0.22376252710819244,0.2813302031707491,0.6875814199447632
GCN,0,2,64,,0.001,0.07902945578098297,0.22211718559265137,0.2811217810504604,0.6875814199447632
GCN,0,2,64,,0.01,0.07888691127300262,0.221938818693161,0.2808681385864239,0.6872090697288513
GCN,0,2,64,,0.1,0.07912197709083557,0.22413747012615204,0.28128629026462626,0.6875814199447632
GCN,0,2,64,,0.001,0.07921116054058075,0.22315964102745056,0.2814447735179688,0.6875814199447632
GCN,0,2,64,,0.01,0.078809455037117,0.22230957448482513,0.28073021753476596,0.687022864818573
GCN,0,2,64,,0.1,0.0793585479259491,0.22260122001171112,0.28170649251650043,0.6875814199447632
GCN,0,2,64,,0.001,0.07904019951820374,0.22190304100513458,0.2811408890898009,0.6875814199447632
GCN,0,2,64,,0.01,0.07885149121284485,0.22193118929862976,0.2808050769000533,0.6872090697288513
GCN,0,2,64,,0.1,0.07930845022201538,0.2228720635175705,0.2816175602160053,0.6875814199447632
GCN,0,2,64,,0.001,0.07894167304039001,0.22229841351509094,0.2809656082875447,0.6875814199447632
GCN,0,2,64,,0.01,0.07882536947727203,0.22237855195999146,0.28075856082633,0.687022864818573
GCN,0,2,64,,0.1,0.07931984961032867,0.22280865907669067,0.28163779861788557,0.6875814199447632
GCN,0,3,16,,0.001,0.08332917094230652,0.22216275334358215,0.2886679250320453,0.5715881586074829
GCN,0,3,16,,0.01,0.0789841040968895,0.2225877344608307,0.2810411074858792,0.6873952746391296
GCN,0,3,16,,0.1,0.07921308279037476,0.22353380918502808,0.2814481884652569,0.6875814199447632
GCN,0,3,16,,0.001,0.08626551181077957,0.21973851323127747,0.29370991098493693,0.5719605088233948
GCN,0,3,16,,0.01,0.0789768323302269,0.22184136509895325,0.2810281699940896,0.6873952746391296
GCN,0,3,16,,0.1,0.07911805808544159,0.22352316975593567,0.28127932395652827,0.6875814199447632
GCN,0,3,16,,0.001,0.08607860654592514,0.22668427228927612,0.293391558409449,0.5455222129821777
GCN,0,3,16,,0.01,0.07897689938545227,0.2231067568063736,0.2810282892974518,0.6875814199447632
GCN,0,3,16,,0.1,0.0790981724858284,0.22434940934181213,0.2812439732435673,0.6875814199447632
GCN,0,3,16,,0.001,0.07955329120159149,0.22541311383247375,0.28205192997317263,0.6875814199447632
GCN,0,3,16,,0.01,0.07880344986915588,0.22249683737754822,0.28071952171011527,0.687022864818573
GCN,0,3,16,,0.1,0.0789148285984993,0.22284001111984253,0.28091783246796437,0.6875814199447632
GCN,0,3,32,,0.001,0.08085934072732925,0.21985159814357758,0.2843577688886471,0.6536957621574402
GCN,0,3,32,,0.01,0.07889464497566223,0.22266456484794617,0.2808819057462802,0.6875814199447632
GCN,0,3,32,,0.1,0.07932107150554657,0.22280192375183105,0.2816399678766254,0.6875814199447632
GCN,0,3,32,,0.001,0.08024265617132187,0.2242489904165268,0.2832713472473379,0.6352634429931641
GCN,0,3,32,,0.01,0.07886762171983719,0.22182682156562805,0.2808337973247472,0.6866505146026611
GCN,0,3,32,,0.1,0.07913792133331299,0.2240048497915268,0.2813146304999315,0.6875814199447632
GCN,0,3,32,,0.001,0.0798107460141182,0.21858163177967072,0.2825079574350397,0.6875814199447632
GCN,0,3,32,,0.01,0.07885019481182098,0.22166313230991364,0.28080276852591923,0.6879538297653198
GCN,0,3,32,,0.1,0.07924780994653702,0.22234565019607544,0.28150987539789263,0.6875814199447632
GCN,0,3,32,,0.001,0.07892657816410065,0.223229318857193,0.28093874450509787,0.6875814199447632
GCN,0,3,32,,0.01,0.07879234850406647,0.22232507169246674,0.28069974795867997,0.687022864818573
GCN,0,3,32,,0.1,0.0792282298207283,0.2233542948961258,0.2814750962709282,0.6875814199447632
GCN,0,3,64,,0.001,0.07935408502817154,0.22224101424217224,0.28169857122138825,0.6875814199447632
GCN,0,3,64,,0.01,0.07880203425884247,0.22231267392635345,0.28071700030251545,0.6873952746391296
GCN,0,3,64,,0.1,0.07909473776817322,0.22438150644302368,0.2812378668817078,0.6875814199447632
GCN,0,3,64,,0.001,0.07882819324731827,0.22268196940422058,0.28076358960399095,0.6875814199447632
GCN,0,3,64,,0.01,0.078781858086586,0.22221927344799042,0.28068106114696445,0.6877676248550415
GCN,0,3,64,,0.1,0.07926645874977112,0.22311536967754364,0.28154299627192136,0.6875814199447632
GCN,0,3,64,,0.001,0.07917626202106476,0.22349898517131805,0.2813827678111521,0.6875814199447632
GCN,0,3,64,,0.01,0.07877131551504135,0.22206972539424896,0.28066228017858286,0.6872090697288513
GCN,0,3,64,,0.1,0.07918915152549744,0.22361834347248077,0.2814056707415425,0.6875814199447632
GCN,0,3,64,,0.001,0.07927227020263672,0.22146381437778473,0.28155331680276247,0.6875814199447632
GCN,0,3,64,,0.01,0.07882930338382721,0.22211410105228424,0.28076556659217883,0.6875814199447632
GCN,0,3,64,,0.1,0.07928665727376938,0.2229962944984436,0.2815788651049105,0.6875814199447632
GCN,0,4,16,,0.001,0.08000881224870682,0.21964535117149353,0.2828582900476965,0.6875814199447632
GCN,0,4,16,,0.01,0.07886234670877457,0.222270205616951,0.2808244054721287,0.6875814199447632
GCN,0,4,16,,0.1,0.07921497523784637,0.2235015481710434,0.2814515504271497,0.6875814199447632
GCN,0,4,16,,0.001,0.08187168836593628,0.2213796079158783,0.28613229172174237,0.6166449189186096
GCN,0,4,16,,0.01,0.07880979031324387,0.2219097763299942,0.2807308146841808,0.6872090697288513
GCN,0,4,16,,0.1,0.07920286059379578,0.22352303564548492,0.28143002788223537,0.6875814199447632
GCN,0,4,16,,0.001,0.07870260626077652,0.2248762845993042,0.2805398479018204,0.6857196092605591
GCN,0,4,16,,0.01,0.07900039106607437,0.22254355251789093,0.2810700821255695,0.6875814199447632
GCN,0,4,16,,0.1,0.07920105010271072,0.22353307902812958,0.281426811271973,0.6875814199447632
GCN,0,4,16,,0.001,0.08045214414596558,0.22251641750335693,0.2836408717832562,0.6386147737503052
GCN,0,4,16,,0.01,0.07887185364961624,0.22256828844547272,0.2808413318043059,0.6875814199447632
GCN,0,4,16,,0.1,0.07926816493272781,0.22310516238212585,0.28154602631315506,0.6875814199447632
GCN,0,4,32,,0.001,0.07899338006973267,0.22438177466392517,0.2810576098769301,0.6875814199447632
GCN,0,4,32,,0.01,0.0788532942533493,0.2226189225912094,0.2808082873658634,0.6875814199447632
GCN,0,4,32,,0.1,0.07919131219387054,0.22360298037528992,0.2814095097786685,0.6875814199447632
GCN,0,4,32,,0.001,0.07951266318559647,0.22413413226604462,0.2819798985488087,0.6875814199447632
GCN,0,4,32,,0.01,0.07886730879545212,0.22242522239685059,0.2808332401897114,0.6875814199447632
GCN,0,4,32,,0.1,0.07913526147603989,0.22402667999267578,0.28130990291143304,0.6875814199447632
GCN,0,4,32,,0.001,0.07913964241743088,0.22401197254657745,0.2813176894854479,0.6875814199447632
GCN,0,4,32,,0.01,0.07880684733390808,0.222789466381073,0.28072557299595646,0.6875814199447632
GCN,0,4,32,,0.1,0.07914900034666061,0.22391673922538757,0.2813343213094709,0.6875814199447632
GCN,0,4,32,,0.001,0.07943261414766312,0.2222597748041153,0.28183792177005407,0.6875814199447632
GCN,0,4,32,,0.01,0.07876095920801163,0.22241243720054626,0.28064382980570163,0.6868367195129395
GCN,0,4,32,,0.1,0.07925987243652344,0.22315531969070435,0.2815312992129355,0.6875814199447632
GCN,0,4,64,,0.001,0.07925935834646225,0.22155062854290009,0.2815303861867529,0.6875814199447632
GCN,0,4,64,,0.01,0.07869227975606918,0.22247309982776642,0.28052144259587214,0.687022864818573
GCN,0,4,64,,0.1,0.0792880728840828,0.22298851609230042,0.2815813787949814,0.6875814199447632
GCN,0,4,64,,0.001,0.07895644009113312,0.2221958190202713,0.2809918861660121,0.6875814199447632
GCN,0,4,64,,0.01,0.07896676659584045,0.22209995985031128,0.28101026065935825,0.6875814199447632
GCN,0,4,64,,0.1,0.07923375070095062,0.22331875562667847,0.28148490314926417,0.6875814199447632
GCN,0,4,64,,0.001,0.07905113697052002,0.22202648222446442,0.2811603403229553,0.6875814199447632
GCN,0,4,64,,0.01,0.0788511261343956,0.22207334637641907,0.2808044268425902,0.6875814199447632
GCN,0,4,64,,0.1,0.07926788181066513,0.22310689091682434,0.2815455235138096,0.6875814199447632
GCN,0,4,64,,0.001,0.07900983840227127,0.2229621857404709,0.2810868876384512,0.6875814199447632
GCN,0,4,64,,0.01,0.07881521433591843,0.2222927361726761,0.280740475058226,0.6873952746391296
GCN,0,4,64,,0.1,0.07924384623765945,0.22325639426708221,0.28150283522135167,0.6875814199447632
GCN,1,2,16,,0.001,0.07570114731788635,0.2183026671409607,0.2751384148349451,0.6473654508590698
GCN,1,2,16,,0.01,0.07520844787359238,0.21636322140693665,0.27424158669609605,0.7106683850288391
GCN,1,2,16,,0.1,0.07469860464334488,0.2183603048324585,0.27331045469089704,0.7175572514533997
GCN,1,2,16,,0.001,0.08514532446861267,0.2130804806947708,0.2917967177139124,0.5283932089805603
GCN,1,2,16,,0.01,0.07443124800920486,0.21781624853610992,0.2728209083065388,0.7175572514533997
GCN,1,2,16,,0.1,0.0747736468911171,0.21843282878398895,0.2734477041247871,0.7175572514533997
GCN,1,2,16,,0.001,0.09772747755050659,0.2384786158800125,0.31261394330788667,0.494321346282959
GCN,1,2,16,,0.01,0.07435902208089828,0.21705962717533112,0.27268850742357714,0.7147644758224487
GCN,1,2,16,,0.1,0.07438991218805313,0.21790607273578644,0.2727451414563661,0.7153230309486389
GCN,1,2,16,,0.001,0.10418999940156937,0.27336564660072327,0.32278475707748244,0.4325079023838043
GCN,1,2,16,,0.01,0.0743667259812355,0.2171262800693512,0.2727026328828446,0.7132749557495117
GCN,1,2,16,,0.1,0.07480975985527039,0.21876071393489838,0.27351372882411296,0.7175572514533997
GCN,1,2,32,,0.001,0.07545828074216843,0.21559397876262665,0.2746967068280369,0.6760379672050476
GCN,1,2,32,,0.01,0.07435714453458786,0.21738174557685852,0.27268506474427207,0.7149506211280823
GCN,1,2,32,,0.1,0.07475820183753967,0.21793334186077118,0.2734194613364961,0.7175572514533997
GCN,1,2,32,,0.001,0.07436263561248779,0.21791529655456543,0.27269513309277776,0.7143920660018921
GCN,1,2,32,,0.01,0.07433787733316422,0.2176213562488556,0.2726497337852436,0.7158815860748291
GCN,1,2,32,,0.1,0.07478620111942291,0.2184627652168274,0.27347065860787134,0.7175572514533997
GCN,1,2,32,,0.001,0.08033543080091476,0.216862753033638,0.2834350557022098,0.5449636578559875
GCN,1,2,32,,0.01,0.07425148785114288,0.2170175462961197,0.2724912619720913,0.7132749557495117
GCN,1,2,32,,0.1,0.07481195032596588,0.21887680888175964,0.2735177331106082,0.7175572514533997
GCN,1,2,32,,0.001,0.07571263611316681,0.22051902115345,0.2751592922529908,0.6821820735931396
GCN,1,2,32,,0.01,0.07427145540714264,0.21695441007614136,0.27252789840150793,0.7175572514533997
GCN,1,2,32,,0.1,0.0749083012342453,0.22005954384803772,0.27369380927278075,0.7175572514533997
GCN,1,2,64,,0.001,0.07454019784927368,0.21836723387241364,0.2730205081111558,0.7175572514533997
GCN,1,2,64,,0.01,0.07429283112287521,0.21701017022132874,0.27256711306185716,0.7142059206962585
GCN,1,2,64,,0.1,0.07480105012655258,0.21870967745780945,0.27349780643828314,0.7175572514533997
GCN,1,2,64,,0.001,0.0746104046702385,0.2184063047170639,0.2731490521130148,0.7175572514533997
GCN,1,2,64,,0.01,0.07418013364076614,0.2167944312095642,0.27236030114678267,0.7151368260383606
GCN,1,2,64,,0.1,0.07477213442325592,0.21820712089538574,0.27344493855848917,0.7175572514533997
GCN,1,2,64,,0.001,0.07480418682098389,0.21964095532894135,0.27350354078326644,0.7175572514533997
GCN,1,2,64,,0.01,0.07421762496232986,0.21708866953849792,0.27242911915272544,0.71346116065979
GCN,1,2,64,,0.1,0.07486602663993835,0.21958979964256287,0.2736165686502525,0.7175572514533997
GCN,1,2,64,,0.001,0.07433728128671646,0.2178487777709961,0.27264864072046363,0.7149506211280823
GCN,1,2,64,,0.01,0.07433222979307175,0.21775570511817932,0.2726393768205021,0.7138335108757019
GCN,1,2,64,,0.1,0.07482968270778656,0.21912916004657745,0.27355014660530996,0.7175572514533997
GCN,1,3,16,,0.001,0.08001558482646942,0.22949008643627167,0.28287026147417726,0.5421708822250366
GCN,1,3,16,,0.01,0.0742802694439888,0.2174759954214096,0.27254406881087834,0.7166262865066528
GCN,1,3,16,,0.1,0.07487192749977112,0.21965906023979187,0.2736273515198565,0.7175572514533997
GCN,1,3,16,,0.001,0.07552522420883179,0.21573936939239502,0.2748185295951344,0.6764103174209595
GCN,1,3,16,,0.01,0.0744619071483612,0.21832096576690674,0.27287709165182994,0.7175572514533997
GCN,1,3,16,,0.1,0.07480504363775253,0.21877208352088928,0.27350510715113263,0.7175572514533997
GCN,1,3,16,,0.001,0.07493165135383606,0.21485017240047455,0.2737364633252867,0.7175572514533997
GCN,1,3,16,,0.01,0.07423508167266846,0.21703623235225677,0.2724611562639131,0.7173710465431213
GCN,1,3,16,,0.1,0.07483818382024765,0.21924293041229248,0.27356568465406556,0.7175572514533997
GCN,1,3,16,,0.001,0.0771477222442627,0.22648853063583374,0.27775478797720604,0.5983988046646118
GCN,1,3,16,,0.01,0.07445287704467773,0.21759045124053955,0.27286054504944046,0.7175572514533997
GCN,1,3,16,,0.1,0.07485959678888321,0.2195127159357071,0.2736048186507014,0.7175572514533997
GCN,1,3,32,,0.001,0.07433563470840454,0.21705244481563568,0.2726456211062348,0.7175572514533997
GCN,1,3,32,,0.01,0.07429857552051544,0.21719945967197418,0.2725776504420629,0.7145782709121704
GCN,1,3,32,,0.1,0.07480886578559875,0.2188306301832199,0.2735120944046145,0.7175572514533997
GCN,1,3,32,,0.001,0.07470552623271942,0.2189697027206421,0.2733231169014422,0.7175572514533997
GCN,1,3,32,,0.01,0.07427961379289627,0.21700577437877655,0.2725428659732195,0.7175572514533997
GCN,1,3,32,,0.1,0.07484956830739975,0.21938909590244293,0.2735864914563578,0.7175572514533997
GCN,1,3,32,,0.001,0.07466062158346176,0.21957214176654816,0.2732409588320568,0.7175572514533997
GCN,1,3,32,,0.01,0.07423645257949829,0.21762192249298096,0.2724636720362887,0.7169986963272095
GCN,1,3,32,,0.1,0.07479510456323624,0.21902254223823547,0.27348693673233504,0.7175572514533997
GCN,1,3,32,,0.001,0.07452014833688736,0.21784710884094238,0.27298378768140674,0.7175572514533997
GCN,1,3,32,,0.01,0.07427720725536346,0.21711796522140503,0.27253845096676443,0.7173710465431213
GCN,1,3,32,,0.1,0.07482074946165085,0.21900489926338196,0.2735338177660138,0.7175572514533997
GCN,1,3,64,,0.001,0.07428501546382904,0.21672622859477997,0.27255277555700846,0.7175572514533997
GCN,1,3,64,,0.01,0.07417081296443939,0.21720477938652039,0.2723431896788304,0.7132749557495117
GCN,1,3,64,,0.1,0.07490147650241852,0.21998733282089233,0.2736813411659964,0.7175572514533997
GCN,1,3,64,,0.001,0.07428573817014694,0.2166522741317749,0.27255410136365027,0.7175572514533997
GCN,1,3,64,,0.01,0.07429422438144684,0.2184259444475174,0.2725696688581597,0.7112269401550293
GCN,1,3,64,,0.1,0.07485846430063248,0.219349205493927,0.2736027490736021,0.7175572514533997
GCN,1,3,64,,0.001,0.07452726364135742,0.2183491289615631,0.2729968198374432,0.7175572514533997
GCN,1,3,64,,0.01,0.07426676154136658,0.21768724918365479,0.2725192865493497,0.7156953811645508
GCN,1,3,64,,0.1,0.0748395025730133,0.21926023066043854,0.2735680949471508,0.7175572514533997
GCN,1,3,64,,0.001,0.07433714717626572,0.21741710603237152,0.27264839478028424,0.7175572514533997
GCN,1,3,64,,0.01,0.07423364371061325,0.21719564497470856,0.2724585174124921,0.7143920660018921
GCN,1,3,64,,0.1,0.07492312043905258,0.22021186351776123,0.2737208805317062,0.7175572514533997
GCN,1,4,16,,0.001,0.07434307783842087,0.21462315320968628,0.2726592705895416,0.7175572514533997
GCN,1,4,16,,0.01,0.07436048984527588,0.21756982803344727,0.27269119869419306,0.7175572514533997
GCN,1,4,16,,0.1,0.0748801976442337,0.21975387632846832,0.2736424631599301,0.7175572514533997
GCN,1,4,16,,0.001,0.07466598600149155,0.21888498961925507,0.2732507749330119,0.7175572514533997
GCN,1,4,16,,0.01,0.07429567724466324,0.21738174557685852,0.27257233396781716,0.7175572514533997
GCN,1,4,16,,0.1,0.07482913136482239,0.21912163496017456,0.2735491388486215,0.7175572514533997
GCN,1,4,16,,0.001,0.07916554808616638,0.19624640047550201,0.28136372915883523,0.717184841632843
GCN,1,4,16,,0.01,0.07438483089208603,0.21815255284309387,0.27273582619833064,0.7175572514533997
GCN,1,4,16,,0.1,0.07483093440532684,0.21914617717266083,0.27355243447157773,0.7175572514533997
GCN,1,4,16,,0.001,0.07513754069805145,0.21429939568042755,0.27411227753979106,0.7175572514533997
GCN,1,4,16,,0.01,0.0743669867515564,0.21785986423492432,0.27270311100454353,0.7175572514533997
GCN,1,4,16,,0.1,0.07480203360319138,0.21872512996196747,0.27349960439311677,0.7175572514533997
GCN,1,4,32,,0.001,0.07534519582986832,0.2201840579509735,0.2744907937069444,0.7156953811645508
GCN,1,4,32,,0.01,0.07422343641519547,0.2172323316335678,0.2724397849345713,0.7175572514533997
GCN,1,4,32,,0.1,0.07480140030384064,0.21870648860931396,0.27349844662052586,0.7175572514533997
GCN,1,4,32,,0.001,0.07477642595767975,0.22050777077674866,0.27345278560965464,0.7175572514533997
GCN,1,4,32,,0.01,0.0742625817656517,0.21737228333950043,0.2725116176709751,0.7155091762542725
GCN,1,4,32,,0.1,0.07477489113807678,0.2182568907737732,0.27344997922486075,0.7175572514533997
GCN,1,4,32,,0.001,0.07449961453676224,0.21774397790431976,0.27294617516419284,0.7175572514533997
GCN,1,4,32,,0.01,0.07441544532775879,0.2183493971824646,0.2727919451299081,0.7168124914169312
GCN,1,4,32,,0.1,0.07486609369516373,0.21959049999713898,0.2736166911852487,0.7175572514533997
GCN,1,4,32,,0.001,0.07480158656835556,0.21887269616127014,0.2734987871423849,0.7175572514533997
GCN,1,4,32,,0.01,0.074208565056324,0.21682682633399963,0.27241249063933176,0.7175572514533997
GCN,1,4,32,,0.1,0.07477455586194992,0.21840564906597137,0.2734493661758058,0.7175572514533997
GCN,1,4,64,,0.001,0.07431256771087646,0.2175041139125824,0.2726033156637616,0.7175572514533997
GCN,1,4,64,,0.01,0.07419385015964508,0.2171415537595749,0.27238548081651687,0.7175572514533997
GCN,1,4,64,,0.1,0.07479210942983627,0.2185644507408142,0.2734814608521687,0.7175572514533997
GCN,1,4,64,,0.001,0.07433813810348511,0.21768556535243988,0.2726502119997069,0.7175572514533997
GCN,1,4,64,,0.01,0.07424052059650421,0.21732944250106812,0.27247113718062727,0.7175572514533997
GCN,1,4,64,,0.1,0.07509200274944305,0.22112107276916504,0.2740292005415537,0.7175572514533997
GCN,1,4,64,,0.001,0.07436294108629227,0.21819886565208435,0.2726956931935161,0.7175572514533997
GCN,1,4,64,,0.01,0.0742318406701088,0.21680544316768646,0.2724552085574963,0.7173710465431213
GCN,1,4,64,,0.1,0.07478422671556473,0.21842776238918304,0.27346704868331895,0.7175572514533997
GCN,1,4,64,,0.001,0.07435770332813263,0.21788538992404938,0.272686089355751,0.7175572514533997
GCN,1,4,64,,0.01,0.07421424984931946,0.21755024790763855,0.2724229246031241,0.7151368260383606
GCN,1,4,64,,0.1,0.07475604116916656,0.21788690984249115,0.27341551011083215,0.7175572514533997
GCN,2,2,16,,0.001,0.07981579005718231,0.2115119993686676,0.2825168845523791,0.6326568126678467
GCN,2,2,16,,0.01,0.07451705634593964,0.21810516715049744,0.2729781242992552,0.7112269401550293
GCN,2,2,16,,0.1,0.07458419352769852,0.21936413645744324,0.27310106833862535,0.7117854952812195
GCN,2,2,16,,0.001,0.10675274580717087,0.2921229898929596,0.3267303870275473,0.23086947202682495
GCN,2,2,16,,0.01,0.07454206794500351,0.21845996379852295,0.27302393291615207,0.7106683850288391
GCN,2,2,16,,0.1,0.07429772615432739,0.21811221539974213,0.2725760924115088,0.7101098299026489
GCN,2,2,16,,0.001,0.07468054443597794,0.21951477229595184,0.27327741296341695,0.7115992903709412
GCN,2,2,16,,0.01,0.07468768209218979,0.21884287893772125,0.27329047201135603,0.7119717001914978
GCN,2,2,16,,0.1,0.07454271614551544,0.21856723725795746,0.27302511998992957,0.7114131450653076
GCN,2,2,16,,0.001,0.07575777173042297,0.21540507674217224,0.2752412972837161,0.7115992903709412
GCN,2,2,16,,0.01,0.07471249997615814,0.21885789930820465,0.27333587392831943,0.7119717001914978
GCN,2,2,16,,0.1,0.07453252375125885,0.21887421607971191,0.2730064536806023,0.7117854952812195
GCN,2,2,32,,0.001,0.0748501867055893,0.21782229840755463,0.2735876216234742,0.7121578454971313
GCN,2,2,32,,0.01,0.07442678511142731,0.2179233878850937,0.27281272901282905,0.7102960348129272
GCN,2,2,32,,0.1,0.0746179148554802,0.21935950219631195,0.2731627991793176,0.7119717001914978
GCN,2,2,32,,0.001,0.07575896382331848,0.21826691925525665,0.2752434628166825,0.7119717001914978
GCN,2,2,32,,0.01,0.07451634109020233,0.2172871232032776,0.2729768141989395,0.7119717001914978
GCN,2,2,32,,0.1,0.07463234663009644,0.2189215123653412,0.2731892139710066,0.7119717001914978
GCN,2,2,32,,0.001,0.07516039162874222,0.21657545864582062,0.27415395606983717,0.7121578454971313
GCN,2,2,32,,0.01,0.0744849443435669,0.21738669276237488,0.2729193000569342,0.7115992903709412
GCN,2,2,32,,0.1,0.07458431273698807,0.21818311512470245,0.2731012865897707,0.7119717001914978
GCN,2,2,32,,0.001,0.07659026235342026,0.21866276860237122,0.27674945772922527,0.6376838088035583
GCN,2,2,32,,0.01,0.07432202994823456,0.21744206547737122,0.2726206704346436,0.7114131450653076
GCN,2,2,32,,0.1,0.07452380657196045,0.2184467613697052,0.27299048806132503,0.7119717001914978
GCN,2,2,64,,0.001,0.07478053122758865,0.21686413884162903,0.27346029186627563,0.7117854952812195
GCN,2,2,64,,0.01,0.0744084045290947,0.21738892793655396,0.27277903975396406,0.7075032591819763
GCN,2,2,64,,0.1,0.07465868443250656,0.22009128332138062,0.2732374140422694,0.7119717001914978
GCN,2,2,64,,0.001,0.07475052028894424,0.21877135336399078,0.2734054137886524,0.7117854952812195
GCN,2,2,64,,0.01,0.07440484315156937,0.2183348536491394,0.27277251172280786,0.7086203694343567
GCN,2,2,64,,0.1,0.07458437234163284,0.21833327412605286,0.273101395715278,0.7119717001914978
GCN,2,2,64,,0.001,0.07479497045278549,0.2184077650308609,0.2734866915460156,0.7117854952812195
GCN,2,2,64,,0.01,0.07446769624948502,0.21815021336078644,0.2728876989706297,0.7095512747764587
GCN,2,2,64,,0.1,0.07460975646972656,0.21917058527469635,0.27314786557783416,0.7119717001914978
GCN,2,2,64,,0.001,0.07451850175857544,0.2188507467508316,0.27298077177445196,0.7117854952812195
GCN,2,2,64,,0.01,0.07426945120096207,0.21794529259204865,0.2725242213106242,0.7061999440193176
GCN,2,2,64,,0.1,0.07468575239181519,0.22047366201877594,0.2732869414952262,0.7119717001914978
GCN,2,3,16,,0.001,0.09033829718828201,0.2265188843011856,0.3005632998026905,0.5229938626289368
GCN,2,3,16,,0.01,0.0747070163488388,0.21830548346042633,0.2733258428119061,0.7119717001914978
GCN,2,3,16,,0.1,0.07459025830030441,0.21859107911586761,0.27311217164437107,0.7119717001914978
GCN,2,3,16,,0.001,0.07520399242639542,0.21652190387248993,0.27423346335995435,0.7106683850288391
GCN,2,3,16,,0.01,0.07437029480934143,0.21845826506614685,0.2727091762470442,0.711040735244751
GCN,2,3,16,,0.1,0.07462025433778763,0.21866023540496826,0.27316708135825524,0.7119717001914978
GCN,2,3,16,,0.001,0.0749204084277153,0.2179202437400818,0.2737159265145441,0.7091789245605469
GCN,2,3,16,,0.01,0.07459308207035065,0.21893595159053802,0.2731173412113384,0.7119717001914978
GCN,2,3,16,,0.1,0.07463929802179337,0.21977543830871582,0.2732019363434186,0.7119717001914978
GCN,2,3,16,,0.001,0.07959508895874023,0.21431328356266022,0.28212601609695664,0.5933718085289001
GCN,2,3,16,,0.01,0.0746549591422081,0.21873153746128082,0.27323059700957375,0.7121578454971313
GCN,2,3,16,,0.1,0.07460203021764755,0.21885612607002258,0.273133722227131,0.7119717001914978
GCN,2,3,32,,0.001,0.07503627240657806,0.2152523696422577,0.2739274947984924,0.7121578454971313
GCN,2,3,32,,0.01,0.0744343176484108,0.21756219863891602,0.27282653398892637,0.7102960348129272
GCN,2,3,32,,0.1,0.07464257627725601,0.21983273327350616,0.2732079359704912,0.7119717001914978
GCN,2,3,32,,0.001,0.07487773150205612,0.21811427175998688,0.27363795698341287,0.7117854952812195
GCN,2,3,32,,0.01,0.07438890635967255,0.21826942265033722,0.2727432975522452,0.7102960348129272
GCN,2,3,32,,0.1,0.07465540617704391,0.21871717274188995,0.2732314150624776,0.7119717001914978
GCN,2,3,32,,0.001,0.07473070174455643,0.21794083714485168,0.2733691675089867,0.7119717001914978
GCN,2,3,32,,0.01,0.07444405555725098,0.21760301291942596,0.2728443797428325,0.7102960348129272
GCN,2,3,32,,0.1,0.07458951324224472,0.2185620814561844,0.27311080762621737,0.7119717001914978
GCN,2,3,32,,0.001,0.07465041428804398,0.2162381261587143,0.2732222799993514,0.7117854952812195
GCN,2,3,32,,0.01,0.07452157884836197,0.21837636828422546,0.2729864078088174,0.7119717001914978
GCN,2,3,32,,0.1,0.07463884353637695,0.21976737678050995,0.27320110456653895,0.7119717001914978
GCN,2,3,64,,0.001,0.07474587857723236,0.2188085913658142,0.27339692495935713,0.7117854952812195
GCN,2,3,64,,0.01,0.07430530339479446,0.21789062023162842,0.27258999136944567,0.7088065147399902
GCN,2,3,64,,0.1,0.07459203898906708,0.21865664422512054,0.27311543162016144,0.7119717001914978
GCN,2,3,64,,0.001,0.07467059791088104,0.21800945699214935,0.2732592137712488,0.7117854952812195
GCN,2,3,64,,0.01,0.07439775764942169,0.21795424818992615,0.2727595234807058,0.7095512747764587
GCN,2,3,64,,0.1,0.07458101212978363,0.2180740237236023,0.2730952436967433,0.7119717001914978
GCN,2,3,64,,0.001,0.0745694488286972,0.2185998558998108,0.2730740720549961,0.7117854952812195
GCN,2,3,64,,0.01,0.0743560716509819,0.21809598803520203,0.27268309747944025,0.7099236249923706
GCN,2,3,64,,0.1,0.07460722327232361,0.21911653876304626,0.2731432284943627,0.7119717001914978
GCN,2,3,64,,0.001,0.07478374242782593,0.21878068149089813,0.27346616322284906,0.7117854952812195
GCN,2,3,64,,0.01,0.07434755563735962,0.21808847784996033,0.2726674818113807,0.7075032591819763
GCN,2,3,64,,0.1,0.07462473958730698,0.21950268745422363,0.27317529095309295,0.7119717001914978
GCN,2,4,16,,0.001,0.08141647279262543,0.22523847222328186,0.28533571944750524,0.5239247679710388
GCN,2,4,16,,0.01,0.07449670881032944,0.21835744380950928,0.27294085221954123,0.7119717001914978
GCN,2,4,16,,0.1,0.07458005845546722,0.2181117981672287,0.2730934976440619,0.7119717001914978
GCN,2,4,16,,0.001,0.07444816827774048,0.21821154654026031,0.2728519163900823,0.7121578454971313
GCN,2,4,16,,0.01,0.07447044551372528,0.217538520693779,0.27289273627879007,0.7119717001914978
GCN,2,4,16,,0.1,0.07460647821426392,0.21907517313957214,0.2731418646313009,0.7119717001914978
GCN,2,4,16,,0.001,0.07741505652666092,0.22175534069538116,0.2782356133327668,0.6164587140083313
GCN,2,4,16,,0.01,0.07442265003919601,0.21902936697006226,0.27280515031647773,0.7119717001914978
GCN,2,4,16,,0.1,0.07460305094718933,0.2189684957265854,0.27313559077350086,0.7119717001914978
GCN,2,4,16,,0.001,0.07719338685274124,0.22403238713741302,0.2778369789152287,0.5784769654273987
GCN,2,4,16,,0.01,0.07431365549564362,0.2174610197544098,0.27260531083536066,0.7108545899391174
GCN,2,4,16,,0.1,0.07461806386709213,0.21934354305267334,0.2731630719315701,0.7119717001914978
GCN,2,4,32,,0.001,0.07463777810335159,0.21908330917358398,0.2731991546534352,0.7117854952812195
GCN,2,4,32,,0.01,0.07439105212688446,0.21814757585525513,0.2727472311993001,0.7104821801185608
GCN,2,4,32,,0.1,0.07457978278398514,0.21764497458934784,0.27309299292362876,0.7119717001914978
GCN,2,4,32,,0.001,0.07462327927350998,0.21790261566638947,0.2731726180888377,0.7121578454971313
GCN,2,4,32,,0.01,0.07439685612916946,0.21852616965770721,0.27275787088399384,0.7117854952812195
GCN,2,4,32,,0.1,0.07459121197462082,0.21862652897834778,0.27311391757766723,0.7119717001914978
GCN,2,4,32,,0.001,0.07450926303863525,0.218179851770401,0.2729638493255751,0.7102960348129272
GCN,2,4,32,,0.01,0.07458491623401642,0.21824558079242706,0.27310239148351745,0.7119717001914978
GCN,2,4,32,,0.1,0.07463651895523071,0.21972618997097015,0.2731968501927332,0.7119717001914978
GCN,2,4,32,,0.001,0.0747145265340805,0.21868576109409332,0.2733395809868752,0.7121578454971313
GCN,2,4,32,,0.01,0.07437947392463684,0.217852383852005,0.2727260052225252,0.711040735244751
GCN,2,4,32,,0.1,0.07461918890476227,0.21938705444335938,0.27316513120228625,0.7119717001914978
GCN,2,4,64,,0.001,0.07487969845533371,0.21848976612091064,0.2736415510395556,0.7117854952812195
GCN,2,4,64,,0.01,0.07436750829219818,0.21794545650482178,0.2727040672454267,0.7119717001914978
GCN,2,4,64,,0.1,0.07461252808570862,0.2192373126745224,0.2731529390025094,0.7119717001914978
GCN,2,4,64,,0.001,0.07467514276504517,0.21868769824504852,0.27326752965737655,0.7117854952812195
GCN,2,4,64,,0.01,0.07445105910301208,0.2179860919713974,0.2728572137639247,0.7119717001914978
GCN,2,4,64,,0.1,0.0746241956949234,0.21949182450771332,0.2731742954505848,0.7119717001914978
GCN,2,4,64,,0.001,0.07452765107154846,0.2170095145702362,0.27299752942389144,0.7115992903709412
GCN,2,4,64,,0.01,0.07432933151721954,0.21803605556488037,0.2726340615499456,0.7099236249923706
GCN,2,4,64,,0.1,0.07458332180976868,0.21826402842998505,0.273099472371824,0.7119717001914978
GCN,2,4,64,,0.001,0.07467273622751236,0.2184891253709793,0.2732631263590321,0.7117854952812195
GCN,2,4,64,,0.01,0.07434456795454025,0.21805553138256073,0.27266200313674116,0.7097374796867371
GCN,2,4,64,,0.1,0.07458457350730896,0.21833394467830658,0.2731017640135431,0.7119717001914978
SAGE,0,2,16,,0.001,0.0889803096652031,0.22053728997707367,0.2982956749019387,0.5544590950012207
SAGE,0,2,16,,0.01,0.07885638624429703,0.22237123548984528,0.2808137928312942,0.6875814199447632
SAGE,0,2,16,,0.1,0.07859330624341965,0.22151747345924377,0.28034497720383655,0.6790169477462769
SAGE,0,2,16,,0.001,0.08345287293195724,0.21582014858722687,0.28888210905481365,0.6244646906852722
SAGE,0,2,16,,0.01,0.07893294095993042,0.22300565242767334,0.2809500684462106,0.6875814199447632
SAGE,0,2,16,,0.1,0.07912759482860565,0.22402937710285187,0.2812962758882628,0.6875814199447632
SAGE,0,2,16,,0.001,0.2686859965324402,0.4792535901069641,0.518349299731793,0.2422267645597458
SAGE,0,2,16,,0.01,0.07881500571966171,0.2232704758644104,0.2807401035115249,0.6872090697288513
SAGE,0,2,16,,0.1,0.07927341759204865,0.22306601703166962,0.2815553544013124,0.6875814199447632
SAGE,0,2,16,,0.001,0.08084648847579956,0.23743677139282227,0.2843351692559321,0.49134236574172974
SAGE,0,2,16,,0.01,0.07891575247049332,0.2234581708908081,0.2809194768443322,0.6875814199447632
SAGE,0,2,16,,0.1,0.0789903774857521,0.223313570022583,0.2810522682451649,0.6875814199447632
SAGE,0,2,32,,0.001,0.07923359423875809,0.221309632062912,0.2814846252262423,0.6875814199447632
SAGE,0,2,32,,0.01,0.07884325832128525,0.2222435027360916,0.28079041707523644,0.6875814199447632
SAGE,0,2,32,,0.1,0.07921908795833588,0.223414346575737,0.28145885659956743,0.6875814199447632
SAGE,0,2,32,,0.001,0.07954105734825134,0.22067593038082123,0.2820302419036855,0.6875814199447632
SAGE,0,2,32,,0.01,0.07883956283330917,0.2224891036748886,0.28078383648869315,0.6868367195129395
SAGE,0,2,32,,0.1,0.07924074679613113,0.22332264482975006,0.28149732999822774,0.6875814199447632
SAGE,0,2,32,,0.001,0.0789996013045311,0.22408230602741241,0.28106867720279877,0.6875814199447632
SAGE,0,2,32,,0.01,0.07884426414966583,0.22287242114543915,0.2807922081355995,0.6875814199447632
SAGE,0,2,32,,0.1,0.07916874438524246,0.22376611828804016,0.2813694091141439,0.6875814199447632
SAGE,0,2,32,,0.001,0.07945672422647476,0.21960671246051788,0.2818806914750898,0.6875814199447632
SAGE,0,2,32,,0.01,0.07892739772796631,0.222539484500885,0.28094020311797013,0.6875814199447632
SAGE,0,2,32,,0.1,0.07917380332946777,0.22391651570796967,0.2813783988323691,0.6875814199447632
SAGE,0,2,64,,0.001,0.07907291501760483,0.22181513905525208,0.2811990665304649,0.6875814199447632
SAGE,0,2,64,,0.01,0.07881221175193787,0.22278501093387604,0.28073512739224116,0.6873952746391296
SAGE,0,2,64,,0.1,0.07911953330039978,0.22284981608390808,0.2812819462752627,0.6875814199447632
SAGE,0,2,64,,0.001,0.07911703735589981,0.22204318642616272,0.28127750950955854,0.6875814199447632
SAGE,0,2,64,,0.01,0.07881369441747665,0.2224348485469818,0.28073776806385825,0.6875814199447632
SAGE,0,2,64,,0.1,0.07916082441806793,0.2238255739212036,0.2813553347958199,0.6875814199447632
SAGE,0,2,64,,0.001,0.07892351597547531,0.22295860946178436,0.28093329452999216,0.6875814199447632
SAGE,0,2,64,,0.01,0.07898169755935669,0.22194314002990723,0.281036825984348,0.6875814199447632
SAGE,0,2,64,,0.1,0.07894694805145264,0.223179429769516,0.2809749954203267,0.6875814199447632
SAGE,0,2,64,,0.001,0.07886218279600143,0.22340375185012817,0.28082411362986875,0.6875814199447632
SAGE,0,2,64,,0.01,0.07884624600410461,0.2227972447872162,0.2807957371544387,0.6875814199447632
SAGE,0,2,64,,0.1,0.07922693341970444,0.22336268424987793,0.2814727933916606,0.6875814199447632
SAGE,0,3,16,,0.001,0.08079305291175842,0.2160121202468872,0.2842411879227893,0.6875814199447632
SAGE,0,3,16,,0.01,0.07916636765003204,0.2226761281490326,0.28136518556856327,0.6875814199447632
SAGE,0,3,16,,0.1,0.07914439588785172,0.22395631670951843,0.28132613793931716,0.6875814199447632
SAGE,0,3,16,,0.001,0.07973834127187729,0.22078737616539001,0.2823797819814253,0.6872090697288513
SAGE,0,3,16,,0.01,0.0790976881980896,0.22306211292743683,0.28124311226782,0.6875814199447632
SAGE,0,3,16,,0.1,0.07918991148471832,0.22361288964748383,0.2814070210295371,0.6875814199447632
SAGE,0,3,16,,0.001,0.08127198368310928,0.21676191687583923,0.285082415597857,0.6875814199447632
SAGE,0,3,16,,0.01,0.07894452661275864,0.22325298190116882,0.2809706863940768,0.6875814199447632
SAGE,0,3,16,,0.1,0.07918334752321243,0.2237829715013504,0.2813953580342299,0.6875814199447632
SAGE,0,3,16,,0.001,0.07968630641698837,0.2234933078289032,0.28228763064822443,0.6572332382202148
SAGE,0,3,16,,0.01,0.07883001118898392,0.22288711369037628,0.280766827080736,0.6875814199447632
SAGE,0,3,16,,0.1,0.07919449359178543,0.22358077764511108,0.28141516233455766,0.6875814199447632
SAGE,0,3,32,,0.001,0.0791710689663887,0.22614966332912445,0.281373539918715,0.6875814199447632
SAGE,0,3,32,,0.01,0.0789504125714302,0.22221805155277252,0.28098116052758804,0.6875814199447632
SAGE,0,3,32,,0.1,0.07930681854486465,0.22288115322589874,0.28161466322772444,0.6875814199447632
SAGE,0,3,32,,0.001,0.07987859845161438,0.22001883387565613,0.28262802134893555,0.6875814199447632
SAGE,0,3,32,,0.01,0.07925048470497131,0.22275549173355103,0.281514626094225,0.6875814199447632
SAGE,0,3,32,,0.1,0.07924438267946243,0.22325126826763153,0.28150378803750126,0.6875814199447632
SAGE,0,3,32,,0.001,0.07946087419986725,0.22060522437095642,0.28188805260221167,0.6875814199447632
SAGE,0,3,32,,0.01,0.078884556889534,0.223133847117424,0.2808639472939416,0.6875814199447632
SAGE,0,3,32,,0.1,0.0792822539806366,0.2230219542980194,0.28157104606233324,0.6875814199447632
SAGE,0,3,32,,0.001,0.07899560034275055,0.2242981642484665,0.28106155970312013,0.6873952746391296
SAGE,0,3,32,,0.01,0.07899093627929688,0.22259710729122162,0.28105326235305805,0.6875814199447632
SAGE,0,3,32,,0.1,0.07915924489498138,0.22383758425712585,0.2813525277920591,0.6875814199447632
SAGE,0,3,64,,0.001,0.07920386642217636,0.22116659581661224,0.28143181487205093,0.6875814199447632
SAGE,0,3,64,,0.01,0.07885564863681793,0.2223426252603531,0.2808124794891031,0.6875814199447632
SAGE,0,3,64,,0.1,0.07917699217796326,0.22370053827762604,0.2813840652523935,0.6875814199447632
SAGE,0,3,64,,0.001,0.07925280183553696,0.2213604897260666,0.2815187415351542,0.6875814199447632
SAGE,0,3,64,,0.01,0.078852079808712,0.2221413254737854,0.2808061249487126,0.6875814199447632
SAGE,0,3,64,,0.1,0.07914072275161743,0.22398246824741364,0.2813196096108791,0.6875814199447632
SAGE,0,3,64,,0.001,0.07896125316619873,0.2234014868736267,0.28100045047330213,0.6875814199447632
SAGE,0,3,64,,0.01,0.07890912890434265,0.22231650352478027,0.28090768751378564,0.6872090697288513
SAGE,0,3,64,,0.1,0.07914535701274872,0.22394545376300812,0.2813278461381822,0.6875814199447632
SAGE,0,3,64,,0.001,0.07929717004299164,0.22198231518268585,0.28159753202574705,0.6875814199447632
SAGE,0,3,64,,0.01,0.0789254680275917,0.22241653501987457,0.28093676873558526,0.6875814199447632
SAGE,0,3,64,,0.1,0.07927612960338593,0.2238309234380722,0.28156017048472237,0.6875814199447632
SAGE,0,4,16,,0.001,0.07920216768980026,0.2248380482196808,0.28142879683820604,0.6875814199447632
SAGE,0,4,16,,0.01,0.07907400280237198,0.22365441918373108,0.28120100071367454,0.6875814199447632
SAGE,0,4,16,,0.1,0.07920234650373459,0.2235265076160431,0.28142911452750335,0.6875814199447632
SAGE,0,4,16,,0.001,0.09278212487697601,0.26606953144073486,0.30460158383858743,0.2880282998085022
SAGE,0,4,16,,0.01,0.07904627174139023,0.22331659495830536,0.2811516881354089,0.6875814199447632
SAGE,0,4,16,,0.1,0.07919801771640778,0.2235562801361084,0.28142142369835277,0.6875814199447632
SAGE,0,4,16,,0.001,0.07958163321018219,0.22082434594631195,0.28210216803523896,0.6875814199447632
SAGE,0,4,16,,0.01,0.0791279673576355,0.22382676601409912,0.281296938052364,0.6875814199447632
SAGE,0,4,16,,0.1,0.07929368317127228,0.22295576333999634,0.28159134072494535,0.6875814199447632
SAGE,0,4,16,,0.001,0.36725398898124695,0.5670276284217834,0.6060148422120096,0.13274994492530823
SAGE,0,4,16,,0.01,0.07930776476860046,0.22253617644309998,0.28161634321999224,0.6875814199447632
SAGE,0,4,16,,0.1,0.07923993468284607,0.22327932715415955,0.2814958875060985,0.6875814199447632
SAGE,0,4,32,,0.001,0.08009269833564758,0.21891619265079498,0.2830065340864899,0.6875814199447632
SAGE,0,4,32,,0.01,0.07909367233514786,0.22282367944717407,0.2812359726904577,0.6875814199447632
SAGE,0,4,32,,0.1,0.0792287066578865,0.22335122525691986,0.2814759433022412,0.6875814199447632
SAGE,0,4,32,,0.001,0.08192868530750275,0.21659216284751892,0.28623187332563566,0.6872090697288513
SAGE,0,4,32,,0.01,0.07898896932601929,0.22339516878128052,0.28104976307767865,0.6875814199447632
SAGE,0,4,32,,0.1,0.07923616468906403,0.22330330312252045,0.2814891910696822,0.6875814199447632
SAGE,0,4,32,,0.001,0.07987676560878754,0.21939988434314728,0.28262477883014353,0.6875814199447632
SAGE,0,4,32,,0.01,0.07905884087085724,0.22241701185703278,0.2811740401794896,0.6875814199447632
SAGE,0,4,32,,0.1,0.07907051593065262,0.2246231883764267,0.2811948006821119,0.6875814199447632
SAGE,0,4,32,,0.001,0.07944097369909286,0.22134649753570557,0.28185275180330044,0.6875814199447632
SAGE,0,4,32,,0.01,0.07898285239934921,0.22315557301044464,0.2810388805830062,0.6875814199447632
SAGE,0,4,32,,0.1,0.07906060665845871,0.22340650856494904,0.281177180187971,0.687022864818573
SAGE,0,4,64,,0.001,0.07914615422487259,0.22193469107151031,0.281329263008441,0.6875814199447632
SAGE,0,4,64,,0.01,0.07906261831521988,0.22244778275489807,0.28118075737009435,0.6875814199447632
SAGE,0,4,64,,0.1,0.07923925668001175,0.22330494225025177,0.281494683218017,0.6875814199447632
SAGE,0,4,64,,0.001,0.07891960442066193,0.22345870733261108,0.28092633272917283,0.6875814199447632
SAGE,0,4,64,,0.01,0.07891038060188293,0.2228463888168335,0.2809099154566868,0.6875814199447632
SAGE,0,4,64,,0.1,0.07923605293035507,0.22330400347709656,0.28148899255628995,0.6875814199447632
SAGE,0,4,64,,0.001,0.0788780003786087,0.22340548038482666,0.28085227501056265,0.6875814199447632
SAGE,0,4,64,,0.01,0.07903312891721725,0.2225791960954666,0.2811283139728499,0.6875814199447632
SAGE,0,4,64,,0.1,0.0792372077703476,0.22329717874526978,0.28149104385459156,0.6875814199447632
SAGE,0,4,64,,0.001,0.07894141972064972,0.22370494902133942,0.28096515748514034,0.6875814199447632
SAGE,0,4,64,,0.01,0.07917378842830658,0.22246837615966797,0.281378372353503,0.6875814199447632
SAGE,0,4,64,,0.1,0.07919704914093018,0.22356294095516205,0.2814197028300083,0.6875814199447632
SAGE,1,2,16,,0.001,0.07955066114664078,0.2164771854877472,0.28204726757520765,0.5576242804527283
SAGE,1,2,16,,0.01,0.07468968629837036,0.21862071752548218,0.2732941387925661,0.7175572514533997
SAGE,1,2,16,,0.1,0.0745382234454155,0.2177068144083023,0.2730168922345566,0.7175572514533997
SAGE,1,2,16,,0.001,0.08328165858983994,0.21091803908348083,0.2885856174341333,0.5579966306686401
SAGE,1,2,16,,0.01,0.07473635673522949,0.21944716572761536,0.2733795104524651,0.7175572514533997
SAGE,1,2,16,,0.1,0.0743909403681755,0.21674928069114685,0.27274702632324976,0.7043380737304688
SAGE,1,2,16,,0.001,0.1082390695810318,0.29470697045326233,0.3289970662194905,0.21783652901649475
SAGE,1,2,16,,0.01,0.07438509911298752,0.21849627792835236,0.272736317920785,0.7168124914169312
SAGE,1,2,16,,0.1,0.07474282383918762,0.21758629381656647,0.2733913382665728,0.7175572514533997
SAGE,1,2,16,,0.001,0.1322229653596878,0.3276647925376892,0.36362475900258473,0.2182088941335678
SAGE,1,2,16,,0.01,0.07517080008983612,0.21710386872291565,0.27417293828865774,0.7175572514533997
SAGE,1,2,16,,0.1,0.07477501034736633,0.21837761998176575,0.2734501971975269,0.7175572514533997
SAGE,1,2,32,,0.001,0.07715045660734177,0.21637852489948273,0.27775971019451645,0.5592999458312988
SAGE,1,2,32,,0.01,0.07432449609041214,0.21808993816375732,0.27262519342572167,0.7175572514533997
SAGE,1,2,32,,0.1,0.07485684007406235,0.21947920322418213,0.2735997808370145,0.7175572514533997
SAGE,1,2,32,,0.001,0.08302891254425049,0.21651968359947205,0.28814737990176226,0.525414228439331
SAGE,1,2,32,,0.01,0.07450016587972641,0.2183254361152649,0.27294718514710203,0.7175572514533997
SAGE,1,2,32,,0.1,0.0747949630022049,0.219322070479393,0.273486677924547,0.7175572514533997
SAGE,1,2,32,,0.001,0.0839199647307396,0.22479289770126343,0.2896894280617427,0.5080990195274353
SAGE,1,2,32,,0.01,0.0746712014079094,0.2177736759185791,0.2732603180264368,0.7175572514533997
SAGE,1,2,32,,0.1,0.07435750961303711,0.216876819729805,0.272685734157541,0.7030348181724548
SAGE,1,2,32,,0.001,0.08166121691465378,0.2147027850151062,0.2857642680858714,0.5639545321464539
SAGE,1,2,32,,0.01,0.07441607117652893,0.21734336018562317,0.27279309224488973,0.7164401412010193
SAGE,1,2,32,,0.1,0.07477594166994095,0.21827593445777893,0.27345190010299975,0.7175572514533997
SAGE,1,2,64,,0.001,0.07443360239267349,0.2175331711769104,0.27282522316067753,0.7175572514533997
SAGE,1,2,64,,0.01,0.07419898360967636,0.21732687950134277,0.27239490378800474,0.717184841632843
SAGE,1,2,64,,0.1,0.0748608410358429,0.21952787041664124,0.273607092444335,0.7175572514533997
SAGE,1,2,64,,0.001,0.07452712953090668,0.2179185003042221,0.27299657421093526,0.7175572514533997
SAGE,1,2,64,,0.01,0.0742907002568245,0.21720832586288452,0.2725632041505685,0.7175572514533997
SAGE,1,2,64,,0.1,0.07416650652885437,0.2166471779346466,0.2723352832977291,0.7026624083518982
SAGE,1,2,64,,0.001,0.074503093957901,0.21778811514377594,0.27295254891262877,0.7175572514533997
SAGE,1,2,64,,0.01,0.07433623820543289,0.21792979538440704,0.272646727846554,0.71346116065979
SAGE,1,2,64,,0.1,0.07471038401126862,0.21807007491588593,0.27333200326940976,0.7175572514533997
SAGE,1,2,64,,0.001,0.07456038892269135,0.21839916706085205,0.2730574828176136,0.7175572514533997
SAGE,1,2,64,,0.01,0.0743233859539032,0.2178526520729065,0.2726231574057919,0.7173710465431213
SAGE,1,2,64,,0.1,0.07487359642982483,0.21967844665050507,0.2736304011432663,0.7175572514533997
SAGE,1,3,16,,0.001,0.07622607052326202,0.2064426690340042,0.2760906925690579,0.7175572514533997
SAGE,1,3,16,,0.01,0.07460466027259827,0.2185603529214859,0.2731385367768493,0.7175572514533997
SAGE,1,3,16,,0.1,0.07482649385929108,0.2190854549407959,0.2735443179071557,0.7175572514533997
SAGE,1,3,16,,0.001,0.1872546374797821,0.3957016170024872,0.43272928890910783,0.21783652901649475
SAGE,1,3,16,,0.01,0.07466834783554077,0.21790356934070587,0.27325509663232406,0.7175572514533997
SAGE,1,3,16,,0.1,0.07479523122310638,0.2186158150434494,0.27348716829699043,0.7175572514533997
SAGE,1,3,16,,0.001,0.11267779022455215,0.3032212257385254,0.3356751260140557,0.21783652901649475
SAGE,1,3,16,,0.01,0.07463748008012772,0.2182321697473526,0.27319860922070544,0.7175572514533997
SAGE,1,3,16,,0.1,0.0747411698102951,0.2175193727016449,0.27338831322917795,0.7175572514533997
SAGE,1,3,16,,0.001,0.14859066903591156,0.349633127450943,0.385474602322788,0.21783652901649475
SAGE,1,3,16,,0.01,0.07480020076036453,0.21908818185329437,0.2734962536495967,0.7175572514533997
SAGE,1,3,16,,0.1,0.07456891238689423,0.21802374720573425,0.27307308982558903,0.7101098299026489
SAGE,1,3,32,,0.001,0.07568858563899994,0.22335189580917358,0.27511558596160984,0.7175572514533997
SAGE,1,3,32,,0.01,0.07440371066331863,0.21783261001110077,0.2727704358307891,0.7175572514533997
SAGE,1,3,32,,0.1,0.07484451681375504,0.2193250209093094,0.2735772593139917,0.7175572514533997
SAGE,1,3,32,,0.001,0.0747501328587532,0.21441955864429474,0.2734047052608152,0.7175572514533997
SAGE,1,3,32,,0.01,0.07429669052362442,0.21695435047149658,0.27257419269553823,0.7175572514533997
SAGE,1,3,32,,0.1,0.07476584613323212,0.218088760972023,0.27343344004205505,0.7175572514533997
SAGE,1,3,32,,0.001,0.0777997225522995,0.22104021906852722,0.2789260162700846,0.5058647990226746
SAGE,1,3,32,,0.01,0.07443266361951828,0.21788612008094788,0.27282350268904304,0.7175572514533997
SAGE,1,3,32,,0.1,0.0748174861073494,0.218941792845726,0.27352785252575174,0.7175572514533997
SAGE,1,3,32,,0.001,0.07478774338960648,0.21643772721290588,0.2734734784025802,0.7175572514533997
SAGE,1,3,32,,0.01,0.07446300238370895,0.218015655875206,0.2728790984734979,0.7175572514533997
SAGE,1,3,32,,0.1,0.0748552456498146,0.21945971250534058,0.2735968670321621,0.7175572514533997
SAGE,1,3,64,,0.001,0.07447854429483414,0.21832972764968872,0.2729075746380707,0.7175572514533997
SAGE,1,3,64,,0.01,0.07436497509479523,0.21811971068382263,0.2726994226154416,0.717184841632843
SAGE,1,3,64,,0.1,0.07472015917301178,0.21767674386501312,0.27334988416498696,0.7175572514533997
SAGE,1,3,64,,0.001,0.0744195282459259,0.21759165823459625,0.2727994286026382,0.7175572514533997
SAGE,1,3,64,,0.01,0.0742945447564125,0.21696405112743378,0.27257025655124684,0.7175572514533997
SAGE,1,3,64,,0.1,0.07481019198894501,0.2193838655948639,0.2735145187900361,0.7175572514533997
SAGE,1,3,64,,0.001,0.07462131977081299,0.2186499387025833,0.27316903150030203,0.7175572514533997
SAGE,1,3,64,,0.01,0.07435603439807892,0.21759764850139618,0.2726830291713786,0.7175572514533997
SAGE,1,3,64,,0.1,0.07478240132331848,0.21842457354068756,0.2734637111635079,0.7175572514533997
SAGE,1,3,64,,0.001,0.07460058480501175,0.21556587517261505,0.27313107623449173,0.7175572514533997
SAGE,1,3,64,,0.01,0.07423736900091171,0.21685244143009186,0.27246535376247694,0.7175572514533997
SAGE,1,3,64,,0.1,0.07484981417655945,0.21941952407360077,0.2735869408004692,0.7175572514533997
SAGE,1,4,16,,0.001,0.08397464454174042,0.1945112943649292,0.2897837893011623,0.7117854952812195
SAGE,1,4,16,,0.01,0.0746183916926384,0.21770454943180084,0.2731636719855669,0.7175572514533997
SAGE,1,4,16,,0.1,0.0748291015625,0.21911586821079254,0.2735490843751812,0.7175572514533997
SAGE,1,4,16,,0.001,0.07654760777950287,0.22146131098270416,0.27667238347819045,0.6045429110527039
SAGE,1,4,16,,0.01,0.07495106756687164,0.21820375323295593,0.2737719261846832,0.7175572514533997
SAGE,1,4,16,,0.1,0.07484590262174606,0.21934296190738678,0.2735797920566248,0.7175572514533997
SAGE,1,4,16,,0.001,0.07481113076210022,0.21798133850097656,0.2735162349150416,0.7175572514533997
SAGE,1,4,16,,0.01,0.07465162873268127,0.218377485871315,0.2732245024383452,0.7175572514533997
SAGE,1,4,16,,0.1,0.07481569796800613,0.21893222630023956,0.27352458384577816,0.7175572514533997
SAGE,1,4,16,,0.001,0.08310935646295547,0.19223149120807648,0.2882869342564027,0.7175572514533997
SAGE,1,4,16,,0.01,0.07472895830869675,0.2189900428056717,0.27336597869650264,0.7175572514533997
SAGE,1,4,16,,0.1,0.07482448220252991,0.21905745565891266,0.2735406408607867,0.7175572514533997
SAGE,1,4,32,,0.001,0.07506247609853745,0.21222910284996033,0.2739753202362166,0.7175572514533997
SAGE,1,4,32,,0.01,0.07468198984861374,0.21823079884052277,0.27328005753917306,0.7175572514533997
SAGE,1,4,32,,0.1,0.07481023669242859,0.21885128319263458,0.2735146005105186,0.7175572514533997
SAGE,1,4,32,,0.001,0.07657554000616074,0.21936455368995667,0.2767228577587344,0.6028672456741333
SAGE,1,4,32,,0.01,0.07473192363977432,0.21931199729442596,0.2733714023810361,0.7175572514533997
SAGE,1,4,32,,0.1,0.0748259425163269,0.21907763183116913,0.27354331012899386,0.7175572514533997
SAGE,1,4,32,,0.001,0.0753856748342514,0.2127385288476944,0.2745645185275246,0.7175572514533997
SAGE,1,4,32,,0.01,0.07463955879211426,0.21822068095207214,0.2732024135913046,0.7175572514533997
SAGE,1,4,32,,0.1,0.07483427226543427,0.21938684582710266,0.27355853535474683,0.7175572514533997
SAGE,1,4,32,,0.001,0.07548633217811584,0.21598710119724274,0.2747477610065564,0.7175572514533997
SAGE,1,4,32,,0.01,0.0743587538599968,0.21708112955093384,0.2726880156149089,0.7175572514533997
SAGE,1,4,32,,0.1,0.0748298317193985,0.21913118660449982,0.2735504189713452,0.7175572514533997
SAGE,1,4,64,,0.001,0.074654720723629,0.21943584084510803,0.2732301607136902,0.7175572514533997
SAGE,1,4,64,,0.01,0.0745016410946846,0.21806176006793976,0.27294988751542765,0.7175572514533997
SAGE,1,4,64,,0.1,0.07484284043312073,0.21930332481861115,0.27357419548108103,0.7175572514533997
SAGE,1,4,64,,0.001,0.07455803453922272,0.21675613522529602,0.2730531716336998,0.7175572514533997
SAGE,1,4,64,,0.01,0.07436899095773697,0.21737973392009735,0.272706785683336,0.7175572514533997
SAGE,1,4,64,,0.1,0.07484284788370132,0.2193036675453186,0.2735742090981921,0.7175572514533997
SAGE,1,4,64,,0.001,0.07455293834209442,0.21891328692436218,0.2730438395974068,0.7175572514533997
SAGE,1,4,64,,0.01,0.074482262134552,0.2181757539510727,0.27291438608939617,0.7175572514533997
SAGE,1,4,64,,0.1,0.074801504611969,0.21871685981750488,0.27349863731281915,0.7175572514533997
SAGE,1,4,64,,0.001,0.07455883175134659,0.21876265108585358,0.27305463144093817,0.7175572514533997
SAGE,1,4,64,,0.01,0.07438468933105469,0.2179001420736313,0.272735566677789,0.7175572514533997
SAGE,1,4,64,,0.1,0.07476542890071869,0.2191270887851715,0.27343267709020935,0.7175572514533997
SAGE,2,2,16,,0.001,0.11917150765657425,0.31259670853614807,0.34521226463811255,0.2247253656387329
SAGE,2,2,16,,0.01,0.07461091876029968,0.2182157337665558,0.2731499931544932,0.7119717001914978
SAGE,2,2,16,,0.1,0.07448022812604904,0.21838466823101044,0.2729106596050236,0.7108545899391174
SAGE,2,2,16,,0.001,0.0762551873922348,0.21270988881587982,0.27614341815845406,0.7114131450653076
SAGE,2,2,16,,0.01,0.07501117885112762,0.21688498556613922,0.27388168768854854,0.7119717001914978
SAGE,2,2,16,,0.1,0.07451311498880386,0.21869488060474396,0.2729709050225021,0.7112269401550293
SAGE,2,2,16,,0.001,0.07994936406612396,0.2141653597354889,0.2827531857753754,0.5903928279876709
SAGE,2,2,16,,0.01,0.07447295635938644,0.21894842386245728,0.2728973366659822,0.7119717001914978
SAGE,2,2,16,,0.1,0.07459386438131332,0.2187189906835556,0.27311877339595925,0.7119717001914978
SAGE,2,2,16,,0.001,0.07638918608427048,0.21415331959724426,0.276385936842435,0.6566746830940247
SAGE,2,2,16,,0.01,0.07438063621520996,0.21870535612106323,0.2727281360901547,0.711040735244751
SAGE,2,2,16,,0.1,0.07459960877895355,0.21865485608577728,0.2731292894930047,0.7119717001914978
SAGE,2,2,32,,0.001,0.07640223950147629,0.21733660995960236,0.27640955030800995,0.6378700137138367
SAGE,2,2,32,,0.01,0.07441908866167068,0.21833482384681702,0.2727986229101435,0.7106683850288391
SAGE,2,2,32,,0.1,0.07451421022415161,0.21869000792503357,0.27297291115447997,0.7101098299026489
SAGE,2,2,32,,0.001,0.07504701614379883,0.2178969830274582,0.27394710464576705,0.7119717001914978
SAGE,2,2,32,,0.01,0.07447726279497147,0.2192678153514862,0.27290522676374573,0.7119717001914978
SAGE,2,2,32,,0.1,0.07461151480674744,0.2192133218050003,0.2731510842130183,0.7119717001914978
SAGE,2,2,32,,0.001,0.07458388805389404,0.2193436175584793,0.2731005090692693,0.7119717001914978
SAGE,2,2,32,,0.01,0.07446873188018799,0.21766448020935059,0.272889596504132,0.7115992903709412
SAGE,2,2,32,,0.1,0.07457081973552704,0.2189210206270218,0.27307658218076303,0.7119717001914978
SAGE,2,2,32,,0.001,0.075596384704113,0.21624135971069336,0.27494796726674126,0.711040735244751
SAGE,2,2,32,,0.01,0.0744500383734703,0.21890099346637726,0.27285534331119543,0.7114131450653076
SAGE,2,2,32,,0.1,0.074526347219944,0.21820589900016785,0.2729951413852342,0.7119717001914978
SAGE,2,2,64,,0.001,0.07472731173038483,0.21763814985752106,0.2733629670061123,0.7119717001914978
SAGE,2,2,64,,0.01,0.0743781253695488,0.21868987381458282,0.27272353284883355,0.7121578454971313
SAGE,2,2,64,,0.1,0.07462094724178314,0.2194322794675827,0.27316834963403636,0.7119717001914978
SAGE,2,2,64,,0.001,0.07463479042053223,0.21879355609416962,0.2731936866410573,0.7119717001914978
SAGE,2,2,64,,0.01,0.07440315186977386,0.21813011169433594,0.2727694115361432,0.7088065147399902
SAGE,2,2,64,,0.1,0.07462812960147858,0.21956464648246765,0.27318149571572115,0.7119717001914978
SAGE,2,2,64,,0.001,0.07638854533433914,0.2166324108839035,0.27638477768201913,0.6486687660217285
SAGE,2,2,64,,0.01,0.07445123046636581,0.2179419845342636,0.27285752778027916,0.711040735244751
SAGE,2,2,64,,0.1,0.07459790259599686,0.21883617341518402,0.2731261660771389,0.7119717001914978
SAGE,2,2,64,,0.001,0.07453256100416183,0.21875976026058197,0.27300652190774094,0.7119717001914978
SAGE,2,2,64,,0.01,0.07441014796495438,0.21852557361125946,0.2727822354277389,0.7104821801185608
SAGE,2,2,64,,0.1,0.07459289580583572,0.21868960559368134,0.2731170002138932,0.7119717001914978
SAGE,2,3,16,,0.001,0.08826901763677597,0.24031737446784973,0.2971010226114612,0.48631536960601807
SAGE,2,3,16,,0.01,0.07474298775196075,0.2194768488407135,0.27339163804323047,0.7119717001914978
SAGE,2,3,16,,0.1,0.07459554076194763,0.2187727838754654,0.27312184233771497,0.7119717001914978
SAGE,2,3,16,,0.001,0.07613338530063629,0.2174544483423233,0.27592278865769004,0.6434555649757385
SAGE,2,3,16,,0.01,0.07452849298715591,0.21882367134094238,0.2729990714034682,0.7119717001914978
SAGE,2,3,16,,0.1,0.07458016276359558,0.21773265302181244,0.27309368861911765,0.7119717001914978
SAGE,2,3,16,,0.001,0.07724234461784363,0.20582111179828644,0.27792507014993023,0.7119717001914978
SAGE,2,3,16,,0.01,0.07458936423063278,0.21758349239826202,0.27311053482176917,0.7119717001914978
SAGE,2,3,16,,0.1,0.07460693269968033,0.2192649096250534,0.27314269658857865,0.7119717001914978
SAGE,2,3,16,,0.001,0.07629434764385223,0.2192499041557312,0.27621431469757723,0.6322844624519348
SAGE,2,3,16,,0.01,0.07449467480182648,0.217305988073349,0.2729371260965178,0.7115992903709412
SAGE,2,3,16,,0.1,0.07459783554077148,0.21884243190288544,0.2731260433220741,0.7119717001914978
SAGE,2,3,32,,0.001,0.07489953190088272,0.2222469002008438,0.27367778846826923,0.7114131450653076
SAGE,2,3,32,,0.01,0.07444104552268982,0.21736276149749756,0.2728388636589183,0.7119717001914978
SAGE,2,3,32,,0.1,0.07461753487586975,0.21935127675533295,0.27316210365984106,0.7119717001914978
SAGE,2,3,32,,0.001,0.07587530463933945,0.21392931044101715,0.2754547233926829,0.7121578454971313
SAGE,2,3,32,,0.01,0.0744248628616333,0.2180875986814499,0.27280920596936115,0.7119717001914978
SAGE,2,3,32,,0.1,0.07460320740938187,0.21899990737438202,0.27313587719188753,0.7119717001914978
SAGE,2,3,32,,0.001,0.07495703548192978,0.22039897739887238,0.27378282539620663,0.7119717001914978
SAGE,2,3,32,,0.01,0.07458655536174774,0.21924127638339996,0.27310539240693826,0.7119717001914978
SAGE,2,3,32,,0.1,0.07461819797754288,0.21936559677124023,0.27316331740836447,0.7119717001914978
SAGE,2,3,32,,0.001,0.07493570446968079,0.21776561439037323,0.27374386654257804,0.7119717001914978
SAGE,2,3,32,,0.01,0.07435236126184464,0.21772101521492004,0.272676293912479,0.7119717001914978
SAGE,2,3,32,,0.1,0.07461723685264587,0.2193448692560196,0.2731615581531301,0.7119717001914978
SAGE,2,3,64,,0.001,0.07464630901813507,0.21612003445625305,0.27321476720363247,0.7119717001914978
SAGE,2,3,64,,0.01,0.07437628507614136,0.21773263812065125,0.2727201589104505,0.7115992903709412
SAGE,2,3,64,,0.1,0.07459617406129837,0.21879255771636963,0.2731230017067372,0.7119717001914978
SAGE,2,3,64,,0.001,0.0748167484998703,0.21578682959079742,0.27352650419999575,0.7119717001914978
SAGE,2,3,64,,0.01,0.07441537827253342,0.21823690831661224,0.27279182222444537,0.7119717001914978
SAGE,2,3,64,,0.1,0.07451748102903366,0.2189086377620697,0.2729789021683428,0.7119717001914978
SAGE,2,3,64,,0.001,0.07447555661201477,0.21694748103618622,0.27290210078343985,0.7119717001914978
SAGE,2,3,64,,0.01,0.07437950372695923,0.218302920460701,0.2727260598603647,0.7119717001914978
SAGE,2,3,64,,0.1,0.07453328371047974,0.2188096046447754,0.2730078455108566,0.7119717001914978
SAGE,2,3,64,,0.001,0.07445861399173737,0.21652653813362122,0.2728710574460717,0.7119717001914978
SAGE,2,3,64,,0.01,0.07436464726924896,0.2178908884525299,0.27269882153989766,0.711040735244751
SAGE,2,3,64,,0.1,0.07461313158273697,0.21925167739391327,0.2731540436873248,0.7119717001914978
SAGE,2,4,16,,0.001,0.07520758360624313,0.21388274431228638,0.2742400109507056,0.7121578454971313
SAGE,2,4,16,,0.01,0.07451672106981277,0.2185959368944168,0.2729775101905151,0.7119717001914978
SAGE,2,4,16,,0.1,0.07462062686681747,0.21941769123077393,0.27316776322768666,0.7119717001914978
SAGE,2,4,16,,0.001,0.07774081081151962,0.22354507446289062,0.27882039167090994,0.5592999458312988
SAGE,2,4,16,,0.01,0.07456915080547333,0.21957455575466156,0.2730735263724284,0.7119717001914978
SAGE,2,4,16,,0.1,0.07458091527223587,0.21806453168392181,0.2730950663637772,0.7119717001914978
SAGE,2,4,16,,0.001,0.07818731665611267,0.20499052107334137,0.2796199503900118,0.7119717001914978
SAGE,2,4,16,,0.01,0.07451972365379333,0.21853521466255188,0.2729830098262405,0.7119717001914978
SAGE,2,4,16,,0.1,0.07462810724973679,0.21956919133663177,0.27318145480565986,0.7119717001914978
SAGE,2,4,16,,0.001,0.07640596479177475,0.21694616973400116,0.2764162889407474,0.6334015727043152
SAGE,2,4,16,,0.01,0.07462405413389206,0.2199665755033493,0.2731740363465973,0.7119717001914978
SAGE,2,4,16,,0.1,0.07460563629865646,0.21906572580337524,0.2731403234578455,0.7119717001914978
SAGE,2,4,32,,0.001,0.07462483644485474,0.22072339057922363,0.273175468233981,0.7119717001914978
SAGE,2,4,32,,0.01,0.07439831644296646,0.21848531067371368,0.27276054781248416,0.7119717001914978
SAGE,2,4,32,,0.1,0.07459863275289536,0.21886569261550903,0.2731275027398291,0.7119717001914978
SAGE,2,4,32,,0.001,0.07483309507369995,0.21905533969402313,0.27355638371951757,0.7119717001914978
SAGE,2,4,32,,0.01,0.07439110428094864,0.21822430193424225,0.2727473268080709,0.7119717001914978
SAGE,2,4,32,,0.1,0.0746152475476265,0.21930022537708282,0.2731579168679292,0.7119717001914978
SAGE,2,4,32,,0.001,0.07557254284620285,0.21797171235084534,0.2749046068115317,0.7114131450653076
SAGE,2,4,32,,0.01,0.07440876215696335,0.21875953674316406,0.2727796952798418,0.7119717001914978
SAGE,2,4,32,,0.1,0.07463367283344269,0.2196751832962036,0.27319164122176703,0.7119717001914978
SAGE,2,4,32,,0.001,0.0748770460486412,0.21709559857845306,0.2736367044982109,0.7119717001914978
SAGE,2,4,32,,0.01,0.07450439780950546,0.21798387169837952,0.2729549373239207,0.7117854952812195
SAGE,2,4,32,,0.1,0.07468752562999725,0.22049693763256073,0.2732901857549906,0.7119717001914978
SAGE,2,4,64,,0.001,0.07505679875612259,0.218629851937294,0.2739649589931577,0.7119717001914978
SAGE,2,4,64,,0.01,0.07444357872009277,0.21875987946987152,0.27284350591519085,0.711040735244751
SAGE,2,4,64,,0.1,0.0746062770485878,0.21985135972499847,0.27314149638710666,0.7119717001914978
SAGE,2,4,64,,0.001,0.07461994886398315,0.21934188902378082,0.27316652222405136,0.7119717001914978
SAGE,2,4,64,,0.01,0.07442931830883026,0.21867117285728455,0.2728173717138083,0.7119717001914978
SAGE,2,4,64,,0.1,0.07465508580207825,0.22003406286239624,0.27323082879147853,0.7119717001914978
SAGE,2,4,64,,0.001,0.07448519766330719,0.21820010244846344,0.2729197641492957,0.7119717001914978
SAGE,2,4,64,,0.01,0.07437966763973236,0.21811997890472412,0.2727263603682863,0.7119717001914978
SAGE,2,4,64,,0.1,0.07459017634391785,0.21916595101356506,0.27311202160270764,0.7119717001914978
SAGE,2,4,64,,0.001,0.07472259551286697,0.21933673322200775,0.27335434057806174,0.7119717001914978
SAGE,2,4,64,,0.01,0.0744711384177208,0.21881408989429474,0.2728940058295909,0.7119717001914978
SAGE,2,4,64,,0.1,0.07465972006320953,0.22010715305805206,0.27323930914714584,0.7119717001914978
GAT,0,2,16,1.0,0.001,0.0853990986943245,0.25117361545562744,0.29223124181771615,0.25712156295776367
GAT,0,2,16,1.0,0.01,0.07882783561944962,0.22256505489349365,0.28076295271892554,0.6875814199447632
GAT,0,2,16,1.0,0.1,0.07913023978471756,0.223504438996315,0.2813009772196278,0.6875814199447632
GAT,0,2,16,2.0,0.001,0.07973958551883698,0.22155945003032684,0.28238198511738843,0.6875814199447632
GAT,0,2,16,2.0,0.01,0.07890978455543518,0.22220900654792786,0.28090885453369957,0.6875814199447632
GAT,0,2,16,2.0,0.1,0.07932018488645554,0.22280676662921906,0.2816383938429836,0.6875814199447632
GAT,0,2,16,4.0,0.001,0.07922608405351639,0.22274437546730042,0.2814712845984762,0.6875814199447632
GAT,0,2,16,4.0,0.01,0.07882101833820343,0.22195450961589813,0.2807508118210942,0.687022864818573
GAT,0,2,16,4.0,0.1,0.07938729226589203,0.2224540114402771,0.28175750613939643,0.6875814199447632
GAT,0,2,16,8.0,0.001,0.07903292030096054,0.22246341407299042,0.2811279429387277,0.6875814199447632
GAT,0,2,16,8.0,0.01,0.078829325735569,0.22181981801986694,0.2807656063971672,0.6866505146026611
GAT,0,2,16,8.0,0.1,0.07926169037818909,0.22314468026161194,0.2815345278614847,0.6875814199447632
GAT,0,2,32,1.0,0.001,0.07961779832839966,0.21995873749256134,0.2821662600815336,0.6875814199447632
GAT,0,2,32,1.0,0.01,0.07888595014810562,0.22223249077796936,0.2808664275916679,0.6875814199447632
GAT,0,2,32,1.0,0.1,0.07913271337747574,0.22404755651950836,0.28130537388659277,0.6875814199447632
GAT,0,2,32,2.0,0.001,0.07933564484119415,0.22303073108196259,0.28166583896737307,0.6875814199447632
GAT,0,2,32,2.0,0.01,0.07874862104654312,0.22219190001487732,0.28062184705853377,0.6877676248550415
GAT,0,2,32,2.0,0.1,0.07933208346366882,0.22274000942707062,0.28165951690590685,0.6875814199447632
GAT,0,2,32,4.0,0.001,0.07909804582595825,0.22220732271671295,0.28124374806554947,0.6875814199447632
GAT,0,2,32,4.0,0.01,0.07873407751321793,0.22239157557487488,0.28059593281660006,0.6859057545661926
GAT,0,2,32,4.0,0.1,0.07939402759075165,0.22242037951946259,0.2817694582291552,0.6875814199447632
GAT,0,2,32,8.0,0.001,0.07895813137292862,0.22221975028514862,0.28099489563500724,0.6875814199447632
GAT,0,2,32,8.0,0.01,0.07865604013204575,0.2217152714729309,0.28045684183497066,0.6866505146026611
GAT,0,2,32,8.0,0.1,0.07946789264678955,0.2220689207315445,0.28190050132411887,0.6875814199447632
GAT,0,2,64,1.0,0.001,0.07913348078727722,0.22254982590675354,0.2813067378988232,0.6875814199447632
GAT,0,2,64,1.0,0.01,0.07884344458580017,0.22214412689208984,0.2807907487539434,0.687022864818573
GAT,0,2,64,1.0,0.1,0.07914886623620987,0.22391776740550995,0.2813340829622495,0.6875814199447632
GAT,0,2,64,2.0,0.001,0.07903629541397095,0.22244012355804443,0.2811339456806505,0.6875814199447632
GAT,0,2,64,2.0,0.01,0.07874619215726852,0.22152486443519592,0.28061751933417933,0.686091959476471
GAT,0,2,64,2.0,0.1,0.07938623428344727,0.22245942056179047,0.2817556286632927,0.6875814199447632
GAT,0,2,64,4.0,0.001,0.07902131974697113,0.22293774783611298,0.28110731002051714,0.6875814199447632
GAT,0,2,64,4.0,0.01,0.07875300943851471,0.22182850539684296,0.2806296659986515,0.6851610541343689
GAT,0,2,64,4.0,0.1,0.07912755012512207,0.22409065067768097,0.28129619642846587,0.6875814199447632
GAT,0,2,64,8.0,0.001,0.07889503985643387,0.22265055775642395,0.2808826086756421,0.6875814199447632
GAT,0,2,64,8.0,0.01,0.07878932356834412,0.2215040922164917,0.28069435970169426,0.6851610541343689
GAT,0,2,64,8.0,0.1,0.07898270338773727,0.2261970341205597,0.28103861547434594,0.6875814199447632
GAT,0,3,16,1.0,0.001,0.08008130639791489,0.22223107516765594,0.2829864067369931,0.6635635495185852
GAT,0,3,16,1.0,0.01,0.07882407307624817,0.22206218540668488,0.2807562520697414,0.6872090697288513
GAT,0,3,16,1.0,0.1,0.07932582497596741,0.2226332128047943,0.28164840666328544,0.6875814199447632
GAT,0,3,16,2.0,0.001,0.0792902484536171,0.22388385236263275,0.28158524189597917,0.6875814199447632
GAT,0,3,16,2.0,0.01,0.0789375901222229,0.2221808284521103,0.28095834232537553,0.6875814199447632
GAT,0,3,16,2.0,0.1,0.07914292067289352,0.2239648550748825,0.2813235160325093,0.6875814199447632
GAT,0,3,16,4.0,0.001,0.0788867324590683,0.22228892147541046,0.2808678202626073,0.6875814199447632
GAT,0,3,16,4.0,0.01,0.07874651253223419,0.22210857272148132,0.280618090172808,0.6862781643867493
GAT,0,3,16,4.0,0.1,0.07923397421836853,0.22311820089817047,0.2814853001816765,0.6875814199447632
GAT,0,3,16,8.0,0.001,0.07901673018932343,0.22255313396453857,0.2810991465467717,0.6875814199447632
GAT,0,3,16,8.0,0.01,0.0788041427731514,0.22197149693965912,0.28072075586452705,0.687022864818573
GAT,0,3,16,8.0,0.1,0.07946258783340454,0.22209328413009644,0.2818910921497956,0.6875814199447632
GAT,0,3,32,1.0,0.001,0.07961446791887283,0.22079457342624664,0.2821603585177635,0.6875814199447632
GAT,0,3,32,1.0,0.01,0.07877691835165024,0.22238823771476746,0.2806722614574697,0.6868367195129395
GAT,0,3,32,1.0,0.1,0.0792790949344635,0.22304043173789978,0.2815654363277984,0.6875814199447632
GAT,0,3,32,2.0,0.001,0.07921016961336136,0.22233527898788452,0.2814430130832197,0.6875814199447632
GAT,0,3,32,2.0,0.01,0.07879382371902466,0.22201822698116302,0.2807023756918075,0.6862781643867493
GAT,0,3,32,2.0,0.1,0.07922768592834473,0.2228667438030243,0.281474130122725,0.6875814199447632
GAT,0,3,32,4.0,0.001,0.0790073350071907,0.22201377153396606,0.2810824345404577,0.6875814199447632
GAT,0,3,32,4.0,0.01,0.07883080840110779,0.22175876796245575,0.2807682467821242,0.6875814199447632
GAT,0,3,32,4.0,0.1,0.07939453423023224,0.22241784632205963,0.28177035725965255,0.6875814199447632
GAT,0,3,32,8.0,0.001,0.07886750996112823,0.22179843485355377,0.2808335983480756,0.6875814199447632
GAT,0,3,32,8.0,0.01,0.07883884012699127,0.22262614965438843,0.2807825495414401,0.6875814199447632
GAT,0,3,32,8.0,0.1,0.07906004786491394,0.22473903000354767,0.2811761865181935,0.6875814199447632
GAT,0,3,64,1.0,0.001,0.07906889915466309,0.2229781597852707,0.28119192583476343,0.6875814199447632
GAT,0,3,64,1.0,0.01,0.0787837952375412,0.22241884469985962,0.28068451193028304,0.6872090697288513
GAT,0,3,64,1.0,0.1,0.0793202593922615,0.22280654311180115,0.28163852611505674,0.6875814199447632
GAT,0,3,64,2.0,0.001,0.07913241535425186,0.22189027070999146,0.2813048441713222,0.6875814199447632
GAT,0,3,64,2.0,0.01,0.07886473834514618,0.22222457826137543,0.28082866368151627,0.6875814199447632
GAT,0,3,64,2.0,0.1,0.07920189946889877,0.2235296219587326,0.2814283203035877,0.6875814199447632
GAT,0,3,64,4.0,0.001,0.07909129559993744,0.22176693379878998,0.28123174714092547,0.6875814199447632
GAT,0,3,64,4.0,0.01,0.07874039560556412,0.221812903881073,0.2806071909370181,0.6873952746391296
GAT,0,3,64,4.0,0.1,0.07972373813390732,0.22104975581169128,0.2823539235319873,0.6875814199447632
GAT,0,3,64,8.0,0.001,0.07886666059494019,0.2222466915845871,0.28083208612076394,0.6875814199447632
GAT,0,3,64,8.0,0.01,0.07903985679149628,0.22279693186283112,0.28114027956074933,0.6875814199447632
GAT,0,3,64,8.0,0.1,0.10032393783330917,0.21026502549648285,0.3167395425792447,0.6875814199447632
GAT,0,4,16,1.0,0.001,0.09560845792293549,0.23717667162418365,0.30920617381115706,0.5043753385543823
GAT,0,4,16,1.0,0.01,0.07903370261192322,0.22257626056671143,0.2811293343141609,0.6875814199447632
GAT,0,4,16,1.0,0.1,0.07923433184623718,0.22331498563289642,0.28148593543237144,0.6875814199447632
GAT,0,4,16,2.0,0.001,0.0793256014585495,0.2224157452583313,0.28164800986080035,0.6875814199447632
GAT,0,4,16,2.0,0.01,0.0788661316037178,0.22241882979869843,0.2808311442908671,0.6875814199447632
GAT,0,4,16,2.0,0.1,0.07925144582986832,0.22283799946308136,0.2815163331493722,0.6875814199447632
GAT,0,4,16,4.0,0.001,0.07902491837739944,0.22357311844825745,0.2811137107602535,0.6875814199447632
GAT,0,4,16,4.0,0.01,0.0787815973162651,0.2221674621105194,0.28068059661520084,0.6875814199447632
GAT,0,4,16,4.0,0.1,0.07929012179374695,0.2229757010936737,0.2815850169908672,0.6875814199447632
GAT,0,4,16,8.0,0.001,0.0789967030286789,0.22190774977207184,0.28106352134113544,0.6875814199447632
GAT,0,4,16,8.0,0.01,0.07892590761184692,0.22222837805747986,0.28093755108893315,0.6875814199447632
GAT,0,4,16,8.0,0.1,0.07905649393796921,0.22478312253952026,0.28116986669621835,0.6875814199447632
GAT,0,4,32,1.0,0.001,0.07941924780607224,0.22226805984973907,0.281814207956363,0.6875814199447632
GAT,0,4,32,1.0,0.01,0.07879956811666489,0.22263695299625397,0.28071260769097084,0.6872090697288513
GAT,0,4,32,1.0,0.1,0.07922174036502838,0.22339648008346558,0.28146356845074705,0.6875814199447632
GAT,0,4,32,2.0,0.001,0.0788947194814682,0.22217082977294922,0.2808820383745963,0.6875814199447632
GAT,0,4,32,2.0,0.01,0.07877369225025177,0.22155889868736267,0.280666514301674,0.6868367195129395
GAT,0,4,32,2.0,0.1,0.0792938768863678,0.222954660654068,0.2815916846896723,0.6875814199447632
GAT,0,4,32,4.0,0.001,0.07903255522251129,0.22291766107082367,0.2811272936278356,0.6875814199447632
GAT,0,4,32,4.0,0.01,0.07895199954509735,0.22342629730701447,0.2809839844992902,0.6875814199447632
GAT,0,4,32,4.0,0.1,0.07931887358427048,0.2228139340877533,0.28163606584432765,0.6875814199447632
GAT,0,4,32,8.0,0.001,0.07899864763021469,0.2219810038805008,0.28106698068292313,0.6875814199447632
GAT,0,4,32,8.0,0.01,0.0784962922334671,0.22235246002674103,0.28017189765118683,0.6868367195129395
GAT,0,4,32,8.0,0.1,0.07929007709026337,0.22297678887844086,0.28158493761254944,0.6875814199447632
GAT,0,4,64,1.0,0.001,0.07925092428922653,0.22225509583950043,0.2815154068416621,0.6875814199447632
GAT,0,4,64,1.0,0.01,0.07884404063224792,0.22270724177360535,0.2807918101231728,0.6875814199447632
GAT,0,4,64,1.0,0.1,0.07903724908828735,0.22371572256088257,0.28113564179642425,0.6875814199447632
GAT,0,4,64,2.0,0.001,0.07898243516683578,0.22261792421340942,0.2810381382781273,0.6875814199447632
GAT,0,4,64,2.0,0.01,0.07880455255508423,0.22256356477737427,0.28072148573823885,0.6875814199447632
GAT,0,4,64,2.0,0.1,0.07907698303461075,0.22455359995365143,0.2812062997776023,0.6875814199447632
GAT,0,4,64,4.0,0.001,0.07899489998817444,0.22247642278671265,0.28106031379078483,0.6875814199447632
GAT,0,4,64,4.0,0.01,0.07872874289751053,0.22053806483745575,0.28058642678773776,0.6875814199447632
GAT,0,4,64,4.0,0.1,0.07926833629608154,0.22310392558574677,0.2815463306386385,0.6875814199447632
GAT,0,4,64,8.0,0.001,0.0788785070180893,0.22216327488422394,0.2808531769770271,0.6875814199447632
GAT,0,4,64,8.0,0.01,0.07916925102472305,0.22291947901248932,0.28137030942287256,0.6875814199447632
GAT,0,4,64,8.0,0.1,0.07939904183149338,0.2319486290216446,0.28177835586058303,0.6875814199447632
GAT,1,2,16,1.0,0.001,0.08564821630716324,0.23231695592403412,0.2926571651389442,0.5073543190956116
GAT,1,2,16,1.0,0.01,0.07443679869174957,0.2180067002773285,0.27283108087560254,0.717184841632843
GAT,1,2,16,1.0,0.1,0.0747966542840004,0.21881772577762604,0.2734897699805249,0.7175572514533997
GAT,1,2,16,2.0,0.001,0.0788460448384285,0.21882107853889465,0.280795378947782,0.5336064100265503
GAT,1,2,16,2.0,0.01,0.07420393079519272,0.21754102408885956,0.2724039845435318,0.7151368260383606
GAT,1,2,16,2.0,0.1,0.07478687167167664,0.2184744030237198,0.2734718846091434,0.7175572514533997
GAT,1,2,16,4.0,0.001,0.07442722469568253,0.2168249636888504,0.2728135346636646,0.7175572514533997
GAT,1,2,16,4.0,0.01,0.07425887882709503,0.21753324568271637,0.2725048234932641,0.71346116065979
GAT,1,2,16,4.0,0.1,0.07484043389558792,0.21927234530448914,0.2735697971187388,0.7175572514533997
GAT,1,2,16,8.0,0.001,0.07438716292381287,0.21810513734817505,0.27274010142223837,0.7175572514533997
GAT,1,2,16,8.0,0.01,0.0742773488163948,0.21718105673789978,0.27253871067500635,0.711040735244751
GAT,1,2,16,8.0,0.1,0.07473958283662796,0.21747370064258575,0.2733854107969699,0.7175572514533997
GAT,1,2,32,1.0,0.001,0.07822249084711075,0.21924453973770142,0.2796828397437189,0.5496183037757874
GAT,1,2,32,1.0,0.01,0.0742248073220253,0.21665771305561066,0.27244230090429294,0.7177433967590332
GAT,1,2,32,1.0,0.1,0.07475551962852478,0.2177073359489441,0.2734145563581515,0.7175572514533997
GAT,1,2,32,2.0,0.001,0.07470168173313141,0.21903590857982635,0.27331608392689116,0.7175572514533997
GAT,1,2,32,2.0,0.01,0.07427238672971725,0.2168390452861786,0.2725296070699792,0.7114131450653076
GAT,1,2,32,2.0,0.1,0.07475575059652328,0.2178804725408554,0.27341497873474907,0.7175572514533997
GAT,1,2,32,4.0,0.001,0.07445196807384491,0.2181081622838974,0.27285887941176645,0.7175572514533997
GAT,1,2,32,4.0,0.01,0.07433894276618958,0.21764108538627625,0.27265168762762054,0.7099236249923706
GAT,1,2,32,4.0,0.1,0.07491093873977661,0.22008711099624634,0.2736986275810981,0.7175572514533997
GAT,1,2,32,8.0,0.001,0.07427401095628738,0.21687418222427368,0.27253258696216015,0.7173710465431213
GAT,1,2,32,8.0,0.01,0.07431887090206146,0.2173917591571808,0.27261487652375366,0.7089927196502686
GAT,1,2,32,8.0,0.1,0.07490548491477966,0.22002996504306793,0.27368866420584476,0.7175572514533997
GAT,1,2,64,1.0,0.001,0.07466183602809906,0.2167426198720932,0.2732431811191252,0.7175572514533997
GAT,1,2,64,1.0,0.01,0.07435137033462524,0.2177097499370575,0.27267447686687735,0.7127164006233215
GAT,1,2,64,1.0,0.1,0.07486491650342941,0.21957659721374512,0.2736145400073421,0.7175572514533997
GAT,1,2,64,2.0,0.001,0.07439988851547241,0.2179705947637558,0.2727634295785863,0.7175572514533997
GAT,1,2,64,2.0,0.01,0.0742945447564125,0.21741187572479248,0.27257025655124684,0.7102960348129272
GAT,1,2,64,2.0,0.1,0.07486270368099213,0.21955019235610962,0.2736104962917032,0.7175572514533997
GAT,1,2,64,4.0,0.001,0.07428085803985596,0.2170490026473999,0.2725451486265275,0.7175572514533997
GAT,1,2,64,4.0,0.01,0.07430890947580338,0.21773633360862732,0.2725966057672094,0.7101098299026489
GAT,1,2,64,4.0,0.1,0.07482824474573135,0.21910960972309113,0.2735475182591342,0.7175572514533997
GAT,1,2,64,8.0,0.001,0.0743420422077179,0.21786969900131226,0.2726573714531076,0.7142059206962585
GAT,1,2,64,8.0,0.01,0.07431231439113617,0.21695885062217712,0.27260285103266285,0.7101098299026489
GAT,1,2,64,8.0,0.1,0.07471980154514313,0.21607151627540588,0.2733492300064939,0.7175572514533997
GAT,1,3,16,1.0,0.001,0.07461787760257721,0.2163628786802292,0.2731627309912119,0.6950288414955139
GAT,1,3,16,1.0,0.01,0.07437881827354431,0.21713168919086456,0.27272480318728676,0.7175572514533997
GAT,1,3,16,1.0,0.1,0.07469213008880615,0.21845434606075287,0.273298609745469,0.7175572514533997
GAT,1,3,16,2.0,0.001,0.0745793953537941,0.21542175114154816,0.2730922835852271,0.7175572514533997
GAT,1,3,16,2.0,0.01,0.0741240531206131,0.2171037793159485,0.27225732886483167,0.7142059206962585
GAT,1,3,16,2.0,0.1,0.0747985914349556,0.21867044270038605,0.2734933114994873,0.7175572514533997
GAT,1,3,16,4.0,0.001,0.07457005977630615,0.2188398540019989,0.273075190700851,0.7175572514533997
GAT,1,3,16,4.0,0.01,0.07431025058031082,0.2178414762020111,0.2725990656262615,0.7175572514533997
GAT,1,3,16,4.0,0.1,0.07474202662706375,0.21754342317581177,0.2733898802572322,0.7175572514533997
GAT,1,3,16,8.0,0.001,0.07428007572889328,0.2171139121055603,0.2725437134275771,0.7175572514533997
GAT,1,3,16,8.0,0.01,0.07426101714372635,0.21701501309871674,0.27250874691232635,0.7136473655700684
GAT,1,3,16,8.0,0.1,0.07474961876869202,0.21773943305015564,0.27340376509604253,0.7175572514533997
GAT,1,3,32,1.0,0.001,0.07447443157434464,0.21768401563167572,0.27290003952792796,0.7175572514533997
GAT,1,3,32,1.0,0.01,0.07431337237358093,0.2178824543952942,0.2726047915455283,0.717184841632843
GAT,1,3,32,1.0,0.1,0.07485473901033401,0.219453364610672,0.27359594114374947,0.7175572514533997
GAT,1,3,32,2.0,0.001,0.0742729902267456,0.2167711853981018,0.2725307142814285,0.7175572514533997
GAT,1,3,32,2.0,0.01,0.07431640475988388,0.21780981123447418,0.27261035336150363,0.71346116065979
GAT,1,3,32,2.0,0.1,0.07482899725437164,0.21821756660938263,0.2735488937180548,0.7175572514533997
GAT,1,3,32,4.0,0.001,0.07438728213310242,0.21825966238975525,0.2727403199622352,0.7175572514533997
GAT,1,3,32,4.0,0.01,0.07413655519485474,0.21714946627616882,0.2722802879292857,0.7089927196502686
GAT,1,3,32,4.0,0.1,0.07487785816192627,0.21972736716270447,0.2736381884202683,0.7175572514533997
GAT,1,3,32,8.0,0.001,0.07429184764623642,0.2168428748846054,0.27256530895592057,0.7175572514533997
GAT,1,3,32,8.0,0.01,0.07408518344163895,0.21586857736110687,0.27218593542216496,0.7155091762542725
GAT,1,3,32,8.0,0.1,0.0747419148683548,0.21754038333892822,0.27338967586277796,0.7175572514533997
GAT,1,3,64,1.0,0.001,0.07429484277963638,0.2168804109096527,0.272570803241353,0.7175572514533997
GAT,1,3,64,1.0,0.01,0.07428999990224838,0.21736633777618408,0.27256191939126123,0.7175572514533997
GAT,1,3,64,1.0,0.1,0.07477167993783951,0.21819885075092316,0.27344410752078663,0.7175572514533997
GAT,1,3,64,2.0,0.001,0.07436693459749222,0.21806511282920837,0.2727030153802708,0.7175572514533997
GAT,1,3,64,2.0,0.01,0.07426448166370392,0.21735571324825287,0.27251510355153513,0.717184841632843
GAT,1,3,64,2.0,0.1,0.07476464658975601,0.21806524693965912,0.2734312465497607,0.7175572514533997
GAT,1,3,64,4.0,0.001,0.07437008619308472,0.21814893186092377,0.2727087937582591,0.717184841632843
GAT,1,3,64,4.0,0.01,0.0741964653134346,0.21689455211162567,0.2723902812389506,0.7067584991455078
GAT,1,3,64,4.0,0.1,0.08927113562822342,0.19681911170482635,0.29878275657779085,0.7175572514533997
GAT,1,3,64,8.0,0.001,0.07434993982315063,0.21795083582401276,0.27267185374209535,0.7149506211280823
GAT,1,3,64,8.0,0.01,0.07450253516435623,0.21788142621517181,0.2729515253013916,0.7175572514533997
GAT,1,3,64,8.0,0.1,0.19896896183490753,0.4088325798511505,0.4460593703027743,0.21783652901649475
GAT,1,4,16,1.0,0.001,0.07484922558069229,0.21865300834178925,0.2735858650966681,0.7175572514533997
GAT,1,4,16,1.0,0.01,0.07430214434862137,0.21771135926246643,0.2725841968064572,0.7173710465431213
GAT,1,4,16,1.0,0.1,0.07487056404352188,0.219643235206604,0.2736248600612194,0.7175572514533997
GAT,1,4,16,2.0,0.001,0.07508265227079391,0.2180616557598114,0.2740121389113882,0.7119717001914978
GAT,1,4,16,2.0,0.01,0.07418625056743622,0.21717771887779236,0.27237153039081785,0.7155091762542725
GAT,1,4,16,2.0,0.1,0.07478564232587814,0.21845294535160065,0.27346963693594606,0.7175572514533997
GAT,1,4,16,4.0,0.001,0.07432563602924347,0.2179839164018631,0.27262728408808146,0.7175572514533997
GAT,1,4,16,4.0,0.01,0.07424898445606232,0.2173559069633484,0.2724866684006069,0.7175572514533997
GAT,1,4,16,4.0,0.1,0.07493997365236282,0.22041568160057068,0.27375166420017033,0.7175572514533997
GAT,1,4,16,8.0,0.001,0.07430001348257065,0.21676483750343323,0.27258028814015633,0.7175572514533997
GAT,1,4,16,8.0,0.01,0.07449619472026825,0.21873167157173157,0.2729399104569873,0.7175572514533997
GAT,1,4,16,8.0,0.1,0.07472097128629684,0.21592357754707336,0.27335136964408435,0.7175572514533997
GAT,1,4,32,1.0,0.001,0.07453383505344391,0.2196379154920578,0.27300885526561935,0.7175572514533997
GAT,1,4,32,1.0,0.01,0.07424794882535934,0.21714328229427338,0.2724847680611879,0.7175572514533997
GAT,1,4,32,1.0,0.1,0.07476399093866348,0.21814443171024323,0.27343004761485795,0.7175572514533997
GAT,1,4,32,2.0,0.001,0.07457859814167023,0.21916526556015015,0.27309082397925827,0.7175572514533997
GAT,1,4,32,2.0,0.01,0.07422956824302673,0.21693141758441925,0.27245103824912603,0.7175572514533997
GAT,1,4,32,2.0,0.1,0.07483156025409698,0.21915464103221893,0.2735535783975362,0.7175572514533997
GAT,1,4,32,4.0,0.001,0.07433734834194183,0.21826985478401184,0.27264876369047014,0.7175572514533997
GAT,1,4,32,4.0,0.01,0.07432503253221512,0.21738898754119873,0.27262617726882926,0.7175572514533997
GAT,1,4,32,4.0,0.1,0.07507231831550598,0.22033274173736572,0.27399328151526997,0.7175572514533997
GAT,1,4,32,8.0,0.001,0.07428678125143051,0.2177022397518158,0.2725560148876383,0.7160677313804626
GAT,1,4,32,8.0,0.01,0.07437613606452942,0.2177267074584961,0.27271988571523237,0.7175572514533997
GAT,1,4,32,8.0,0.1,0.07480870932340622,0.2188282012939453,0.2735118083801981,0.7175572514533997
GAT,1,4,64,1.0,0.001,0.07435043156147003,0.2170449197292328,0.2726727554440854,0.7175572514533997
GAT,1,4,64,1.0,0.01,0.0742042288184166,0.21728156507015228,0.2724045315673302,0.7142059206962585
GAT,1,4,64,1.0,0.1,0.07523229718208313,0.2179149091243744,0.274285065546929,0.7175572514533997
GAT,1,4,64,2.0,0.001,0.07433875650167465,0.21805381774902344,0.27265134604779534,0.717184841632843
GAT,1,4,64,2.0,0.01,0.07418392598628998,0.21723350882530212,0.27236726305907244,0.7145782709121704
GAT,1,4,64,2.0,0.1,0.07490198314189911,0.21999287605285645,0.2736822667654942,0.7175572514533997
GAT,1,4,64,4.0,0.001,0.07430625706911087,0.21725021302700043,0.2725917406472743,0.7175572514533997
GAT,1,4,64,4.0,0.01,0.07441367208957672,0.21784575283527374,0.27278869494459757,0.7175572514533997
GAT,1,4,64,4.0,0.1,0.07491490989923477,0.2201281487941742,0.2737058821056551,0.7175572514533997
GAT,1,4,64,8.0,0.001,0.0742865577340126,0.21774108707904816,0.2725556048479147,0.7145782709121704
GAT,1,4,64,8.0,0.01,0.0744059681892395,0.2183213233947754,0.2727745739419998,0.7175572514533997
GAT,1,4,64,8.0,0.1,0.07502726465463638,0.22116008400917053,0.27391105245067493,0.7175572514533997
GAT,2,2,16,1.0,0.001,0.08724907785654068,0.22884035110473633,0.2953795488122708,0.5211319923400879
GAT,2,2,16,1.0,0.01,0.07439644634723663,0.21814744174480438,0.2727571197003602,0.7119717001914978
GAT,2,2,16,1.0,0.1,0.07459307461977005,0.21915236115455627,0.27311732757144874,0.7119717001914978
GAT,2,2,16,2.0,0.001,0.07456477731466293,0.2173745334148407,0.2730655183553261,0.7119717001914978
GAT,2,2,16,2.0,0.01,0.07446863502264023,0.2182474136352539,0.2728894190375292,0.7082479596138
GAT,2,2,16,2.0,0.1,0.07453156262636185,0.2191314995288849,0.2730046934145306,0.7119717001914978
GAT,2,2,16,4.0,0.001,0.07475973665714264,0.21797409653663635,0.2734222680345232,0.7117854952812195
GAT,2,2,16,4.0,0.01,0.07430322468280792,0.2175222486257553,0.2725861784515274,0.7069447040557861
GAT,2,2,16,4.0,0.1,0.0746225044131279,0.21945881843566895,0.27317119982371474,0.7119717001914978
GAT,2,2,16,8.0,0.001,0.07454658299684525,0.21787963807582855,0.27303220139178686,0.7117854952812195
GAT,2,2,16,8.0,0.01,0.07434302568435669,0.2174490988254547,0.2726591749498936,0.7061999440193176
GAT,2,2,16,8.0,0.1,0.0746166780591011,0.21933214366436005,0.2731605353251108,0.7119717001914978
GAT,2,2,32,1.0,0.001,0.07485280185937881,0.21732960641384125,0.27359240095327725,0.7121578454971313
GAT,2,2,32,1.0,0.01,0.07448895275592804,0.2178753912448883,0.2729266435435134,0.7112269401550293
GAT,2,2,32,1.0,0.1,0.07458492368459702,0.21835170686244965,0.27310240512415307,0.7119717001914978
GAT,2,2,32,2.0,0.001,0.07492145150899887,0.2181595265865326,0.2737178319163713,0.7117854952812195
GAT,2,2,32,2.0,0.01,0.07440575212240219,0.21780629456043243,0.2727741778878679,0.7078756093978882
GAT,2,2,32,2.0,0.1,0.07459233701229095,0.21866750717163086,0.273115977219003,0.7119717001914978
GAT,2,2,32,4.0,0.001,0.07459348440170288,0.21804261207580566,0.2731180777643671,0.7117854952812195
GAT,2,2,32,4.0,0.01,0.07440444827079773,0.21792684495449066,0.2727717878938321,0.7061999440193176
GAT,2,2,32,4.0,0.1,0.074684739112854,0.22046026587486267,0.2732850876152118,0.7119717001914978
GAT,2,2,32,8.0,0.001,0.07459575682878494,0.21860729157924652,0.2731222378876992,0.7117854952812195
GAT,2,2,32,8.0,0.01,0.07436546683311462,0.21775874495506287,0.2727003242262734,0.7067584991455078
GAT,2,2,32,8.0,0.1,0.07469303160905838,0.2205679714679718,0.2733002590724319,0.7119717001914978
GAT,2,2,64,1.0,0.001,0.07472413778305054,0.21793030202388763,0.27335716157264023,0.7117854952812195
GAT,2,2,64,1.0,0.01,0.07446227967739105,0.21844887733459473,0.27287777424589027,0.7075032591819763
GAT,2,2,64,1.0,0.1,0.07464885711669922,0.2199389487504959,0.27321943034253476,0.7119717001914978
GAT,2,2,64,2.0,0.001,0.07469972223043442,0.21728438138961792,0.2733124992210097,0.7117854952812195
GAT,2,2,64,2.0,0.01,0.07436200976371765,0.21820461750030518,0.272693985565721,0.7060137391090393
GAT,2,2,64,2.0,0.1,0.0746394470334053,0.21977753937244415,0.2732022090565984,0.7119717001914978
GAT,2,2,64,4.0,0.001,0.07466818392276764,0.21884854137897491,0.2732547967058724,0.7117854952812195
GAT,2,2,64,4.0,0.01,0.07431138306856155,0.21794237196445465,0.27260114282328596,0.7061999440193176
GAT,2,2,64,4.0,0.1,0.07460042089223862,0.21892540156841278,0.27313077617185255,0.7119717001914978
GAT,2,2,64,8.0,0.001,0.07445523887872696,0.2183622419834137,0.27286487292930717,0.7080618143081665
GAT,2,2,64,8.0,0.01,0.07438027113676071,0.2183731645345688,0.272727466780962,0.706386148929596
GAT,2,2,64,8.0,0.1,0.07479080557823181,0.221632182598114,0.27347907703923496,0.7119717001914978
GAT,2,3,16,1.0,0.001,0.08819232881069183,0.22214990854263306,0.29697193269851585,0.5352820754051208
GAT,2,3,16,1.0,0.01,0.07439247518777847,0.21857167780399323,0.27274983994088514,0.7115992903709412
GAT,2,3,16,1.0,0.1,0.07458992302417755,0.21841855347156525,0.27311155783704494,0.7119717001914978
GAT,2,3,16,2.0,0.001,0.07533745467662811,0.2194320112466812,0.27447669241053624,0.7123440504074097
GAT,2,3,16,2.0,0.01,0.07442200928926468,0.2182006686925888,0.2728039759410861,0.7086203694343567
GAT,2,3,16,2.0,0.1,0.07466965168714523,0.22025299072265625,0.27325748239919295,0.7119717001914978
GAT,2,3,16,4.0,0.001,0.07450596988201141,0.21909099817276,0.27295781703774563,0.7117854952812195
GAT,2,3,16,4.0,0.01,0.07432536035776138,0.2176666110754013,0.2726267785045361,0.7080618143081665
GAT,2,3,16,4.0,0.1,0.07459524273872375,0.21876369416713715,0.2731212967505898,0.7119717001914978
GAT,2,3,16,8.0,0.001,0.07460176199674606,0.2185460329055786,0.2731332312201246,0.7117854952812195
GAT,2,3,16,8.0,0.01,0.07439406961202621,0.21809962391853333,0.27275276279448796,0.7078756093978882
GAT,2,3,16,8.0,0.1,0.07458766549825668,0.21848565340042114,0.2731074248317989,0.7119717001914978
GAT,2,3,32,1.0,0.001,0.07455253601074219,0.21700866520404816,0.2730431028441154,0.7095512747764587
GAT,2,3,32,1.0,0.01,0.07432203739881516,0.21779578924179077,0.2726206840993822,0.7082479596138
GAT,2,3,32,1.0,0.1,0.07459881901741028,0.21887142956256866,0.27312784372416204,0.7119717001914978
GAT,2,3,32,2.0,0.001,0.07479502260684967,0.21740351617336273,0.2734867868962771,0.7117854952812195
GAT,2,3,32,2.0,0.01,0.07452347129583359,0.2176830917596817,0.27298987398039803,0.7119717001914978
GAT,2,3,32,2.0,0.1,0.07462173700332642,0.21944107115268707,0.2731697951884989,0.7119717001914978
GAT,2,3,32,4.0,0.001,0.07445170730352402,0.21761642396450043,0.2728584015630159,0.7104821801185608
GAT,2,3,32,4.0,0.01,0.07438170164823532,0.21789634227752686,0.2727300893708564,0.7101098299026489
GAT,2,3,32,4.0,0.1,0.07464339584112167,0.21984605491161346,0.2732094358566733,0.7119717001914978
GAT,2,3,32,8.0,0.001,0.07454375177621841,0.21799400448799133,0.273027016568358,0.711040735244751
GAT,2,3,32,8.0,0.01,0.074238620698452,0.21780215203762054,0.2724676507375729,0.7052690386772156
GAT,2,3,32,8.0,0.1,0.07458063960075378,0.21755944192409515,0.2730945616462433,0.7119717001914978
GAT,2,3,64,1.0,0.001,0.07458221912384033,0.21888771653175354,0.27309745352866316,0.7117854952812195
GAT,2,3,64,1.0,0.01,0.0743037685751915,0.2176729291677475,0.2725871761018693,0.7069447040557861
GAT,2,3,64,1.0,0.1,0.07461152970790863,0.2192322462797165,0.2731511114894256,0.7119717001914978
GAT,2,3,64,2.0,0.001,0.07466943562030792,0.21838030219078064,0.27325708704498025,0.7117854952812195
GAT,2,3,64,2.0,0.01,0.07446207851171494,0.21801215410232544,0.27287740564530977,0.7119717001914978
GAT,2,3,64,2.0,0.1,0.07461792230606079,0.2193564623594284,0.27316281281693666,0.7119717001914978
GAT,2,3,64,4.0,0.001,0.07444319128990173,0.2175576239824295,0.2728427959281713,0.7099236249923706
GAT,2,3,64,4.0,0.01,0.07435978204011917,0.2178506851196289,0.2726899008766536,0.707317054271698
GAT,2,3,64,4.0,0.1,0.0745801106095314,0.21788908541202545,0.27309359313160647,0.7119717001914978
GAT,2,3,64,8.0,0.001,0.07444934546947479,0.2175837904214859,0.27285407358050345,0.7108545899391174
GAT,2,3,64,8.0,0.01,0.07448121160268784,0.21827009320259094,0.2729124614279968,0.7119717001914978
GAT,2,3,64,8.0,0.1,0.09055878967046738,0.26530006527900696,0.30092987500490437,0.22453919053077698
GAT,2,4,16,1.0,0.001,0.07644400000572205,0.21522179245948792,0.27648508098217894,0.6929808259010315
GAT,2,4,16,1.0,0.01,0.07493561506271362,0.21707455813884735,0.2737437032384738,0.7112269401550293
GAT,2,4,16,1.0,0.1,0.07457268238067627,0.21861030161380768,0.27307999264075766,0.7119717001914978
GAT,2,4,16,2.0,0.001,0.07439472526311874,0.21853007376194,0.27275396470650753,0.7121578454971313
GAT,2,4,16,2.0,0.01,0.07437873631715775,0.21835549175739288,0.27272465293250947,0.7112269401550293
GAT,2,4,16,2.0,0.1,0.07470822334289551,0.22075554728507996,0.2733280507794535,0.7119717001914978
GAT,2,4,16,4.0,0.001,0.07438531517982483,0.2175867259502411,0.2727367140298952,0.7121578454971313
GAT,2,4,16,4.0,0.01,0.07438848912715912,0.21773797273635864,0.2727425326698407,0.7089927196502686
GAT,2,4,16,4.0,0.1,0.07462234795093536,0.21945369243621826,0.2731709134423637,0.7119717001914978
GAT,2,4,16,8.0,0.001,0.0744704082608223,0.21746116876602173,0.2728926680232034,0.7117854952812195
GAT,2,4,16,8.0,0.01,0.074376180768013,0.21817708015441895,0.27271996767382656,0.7119717001914978
GAT,2,4,16,8.0,0.1,0.07581797987222672,0.21946044266223907,0.27535064894099437,0.6607707738876343
GAT,2,4,32,1.0,0.001,0.07465602457523346,0.2193005532026291,0.27323254669829045,0.7119717001914978
GAT,2,4,32,1.0,0.01,0.07428580522537231,0.2181616872549057,0.2725542243763107,0.707317054271698
GAT,2,4,32,1.0,0.1,0.07464593648910522,0.21930208802223206,0.2732140854515104,0.7119717001914978
GAT,2,4,32,2.0,0.001,0.07479027658700943,0.21869000792503357,0.273478109886348,0.7117854952812195
GAT,2,4,32,2.0,0.01,0.07437293231487274,0.21829120814800262,0.2727140119518481,0.7095512747764587
GAT,2,4,32,2.0,0.1,0.07459675520658493,0.2188102900981903,0.27312406559398045,0.7119717001914978
GAT,2,4,32,4.0,0.001,0.07472231984138489,0.2188969999551773,0.2733538363392489,0.7117854952812195
GAT,2,4,32,4.0,0.01,0.0744515135884285,0.2184648960828781,0.27285804658911655,0.7119717001914978
GAT,2,4,32,4.0,0.1,0.07459041476249695,0.21859705448150635,0.2731124580873178,0.7119717001914978
GAT,2,4,32,8.0,0.001,0.07440181076526642,0.21735894680023193,0.2727669532132997,0.7108545899391174
GAT,2,4,32,8.0,0.01,0.07443622499704361,0.21810349822044373,0.2728300295001333,0.7117854952812195
GAT,2,4,32,8.0,0.1,0.07477683573961258,0.2214934080839157,0.2734535348822768,0.7119717001914978
GAT,2,4,64,1.0,0.001,0.07451804727315903,0.21836861968040466,0.2729799393236782,0.7093650698661804
GAT,2,4,64,1.0,0.01,0.07443677634000778,0.21840505301952362,0.2728310399129978,0.7093650698661804
GAT,2,4,64,1.0,0.1,0.07460019737482071,0.21891337633132935,0.2731303669949951,0.7119717001914978
GAT,2,4,64,2.0,0.001,0.074566550552845,0.21809132397174835,0.27306876524576185,0.7114131450653076
GAT,2,4,64,2.0,0.01,0.07441931962966919,0.21865512430667877,0.272799046240395,0.7119717001914978
GAT,2,4,64,2.0,0.1,0.07463997602462769,0.21978382766246796,0.2732031771861881,0.7119717001914978
GAT,2,4,64,4.0,0.001,0.07447114586830139,0.2175244241952896,0.2728940194806427,0.7102960348129272
GAT,2,4,64,4.0,0.01,0.07435726374387741,0.21833275258541107,0.2726852833283773,0.7117854952812195
GAT,2,4,64,4.0,0.1,0.07514211535453796,0.2241831123828888,0.2741206219067401,0.7119717001914978
GAT,2,4,64,8.0,0.001,0.07445376366376877,0.21783247590065002,0.2728621697190154,0.7097374796867371
GAT,2,4,64,8.0,0.01,0.07453182339668274,0.2184920310974121,0.2730051710072224,0.7119717001914978
GAT,2,4,64,8.0,0.1,0.07457957416772842,0.21767088770866394,0.27309261097241067,0.7119717001914978
